/*
Navicat MySQL Data Transfer

Source Server         : local
Source Server Version : 50136
Source Host           : localhost:3306
Source Database       : opengateway

Target Server Type    : MYSQL
Target Server Version : 50136
File Encoding         : 65001

Date: 2009-11-05 19:29:58
*/

SET FOREIGN_KEY_CHECKS=0;
-- ----------------------------
-- Table structure for `client_types`
-- ----------------------------
DROP TABLE IF EXISTS `client_types`;
CREATE TABLE `client_types` (
  `client_type_id` int(11) NOT NULL,
  `description` varchar(20) NOT NULL,
  PRIMARY KEY (`client_type_id`)
) ENGINE=MyISAM DEFAULT CHARSET=latin1;

-- ----------------------------
-- Records of client_types
-- ----------------------------
INSERT INTO `client_types` VALUES ('1', 'Service Provider');
INSERT INTO `client_types` VALUES ('2', 'End User');

-- ----------------------------
-- Table structure for `clients`
-- ----------------------------
DROP TABLE IF EXISTS `clients`;
CREATE TABLE `clients` (
  `client_id` int(11) NOT NULL AUTO_INCREMENT,
  `client_type_id` int(11) NOT NULL,
  `first_name` varchar(255) NOT NULL,
  `last_name` varchar(255) NOT NULL,
  `company` varchar(255) NOT NULL,
  `address_1` varchar(255) NOT NULL,
  `address_2` varchar(255) DEFAULT NULL,
  `city` varchar(255) NOT NULL,
  `state` varchar(255) NOT NULL,
  `postal_code` varchar(10) NOT NULL,
  `country` varchar(2) NOT NULL,
  `phone` varchar(20) NOT NULL,
  `email` varchar(100) NOT NULL,
  `parent_client_id` int(11) NOT NULL DEFAULT '0',
  `api_id` varchar(100) NOT NULL,
  `secret_key` varchar(255) NOT NULL,
  PRIMARY KEY (`client_id`)
) ENGINE=MyISAM AUTO_INCREMENT=16 DEFAULT CHARSET=latin1;

-- ----------------------------
-- Records of clients
-- ----------------------------
INSERT INTO `clients` VALUES ('1', '1', 'David', 'Ryan', 'oDesk', '123 Main Street', null, 'Denver', 'Colorado', '80220', 'US', '3033319812', 'daveryan187@yahoo.com', '0', '123456789123456789', 'dsdf324854s2d1f8s5g43sd21f');
INSERT INTO `clients` VALUES ('2', '0', 'David', 'Ryan', 'ABC Inc.', '123 Main Street', '', 'Denver', 'CO', '80220', 'US', '303319812', 'daveryan187@yahoo.com', '0', '', '');
INSERT INTO `clients` VALUES ('3', '2', 'David', 'Ryan', 'ABC Inc.', '123 Main Street', '', 'Denver', 'CO', '80220', 'US', '303319812', 'daveryan187@yahoo.com', '1', '', '');
INSERT INTO `clients` VALUES ('4', '2', 'David', 'Ryan', 'ABC Inc.', '123 Main Street', '', 'Denver', 'CO', '80220', 'US', '303319812', 'daveryan187@yahoo.com', '1', '', '');
INSERT INTO `clients` VALUES ('5', '2', 'David', 'Ryan', 'ABC Inc.', '123 Main Street', '', 'Denver', 'CO', '80220', 'US', '303319812', 'daveryan187@yahoo.com', '1', '', '');
INSERT INTO `clients` VALUES ('6', '2', 'David', 'Ryan', 'ABC Inc.', '123 Main Street', '', 'Denver', 'CO', '80220', 'US', '303319812', 'daveryan187@yahoo.com', '1', '', '');
INSERT INTO `clients` VALUES ('7', '2', 'David', 'Ryan', 'ABC Inc.', '123 Main Street', '', 'Denver', 'CO', '80220', 'US', '303319812', 'daveryan187@yahoo.com', '1', '', '');
INSERT INTO `clients` VALUES ('8', '2', 'David', 'Ryan', 'ABC Inc.', '123 Main Street', '', 'Denver', 'CO', '80220', 'US', '303319812', 'daveryan187@yahoo.com', '1', '', '');
INSERT INTO `clients` VALUES ('9', '2', 'David', 'Ryan', 'ABC Inc.', '123 Main Street', '', 'Denver', 'CO', '80220', 'US', '303319812', 'daveryan187@yahoo.com', '1', '', '');
INSERT INTO `clients` VALUES ('10', '2', 'David', 'Ryan', 'ABC Inc.', '123 Main Street', '', 'Denver', 'CO', '80220', 'US', '303319812', 'daveryan187@yahoo.com', '1', '', '');
INSERT INTO `clients` VALUES ('11', '2', 'David', 'Ryan', 'ABC Inc.', '123 Main Street', '', 'Denver', 'CO', '80220', 'US', '303319812', 'daveryan187@yahoo.com', '1', 'p7pl36igow', 'bnmmaofaxuk74jz2x0g0');
INSERT INTO `clients` VALUES ('12', '2', 'David', 'Ryan', 'ABC Inc.', '123 Main Street', '', 'Denver', 'CO', '80220', 'US', '303319812', 'daveryan187@yahoo.com', '1', 'hjys3f3mmnw6d9alfz1f', '72s5irrsc60t7twga8n9c03ibrasmb2u3v6sya3d');
INSERT INTO `clients` VALUES ('13', '2', 'David', 'Ryan', 'ABC Inc.', '123 Main Street', '', 'Denver', 'CO', '80220', 'US', '303319812', 'daveryan187@yahoo.com', '1', 'Q6JFWIUCUNCAF70FIHB7', 'ICR22I9EHDABDOEMSJR7VOZBIHYF7XG4UJP90O33');
INSERT INTO `clients` VALUES ('14', '2', 'David', 'Ryan', 'ABC Inc.', '123 Main Street', '', 'Denver', 'CO', '80220', 'US', '303319812', 'daveryan187@yahoo.com', '1', 'ZAOSONQ5Y3KMWXR7PO9X', 'ZE409DGRT21FV6P0S01JI6HAPVE3TVBHZW0WX1CT');
INSERT INTO `clients` VALUES ('15', '2', 'David', 'Ryan', 'ABC Inc.', '123 Main Street', '', 'Denver', 'CO', '80220', 'US', '303319812', 'daveryan187@yahoo.com', '1', '24RGP2W4DXPP7K5DXU25', 'IO1C08WRT3MRWNPJUI604JN862PYXCWB3U3C62OT');

-- ----------------------------
-- Table structure for `request_log`
-- ----------------------------
DROP TABLE IF EXISTS `request_log`;
CREATE TABLE `request_log` (
  `request_log_id` int(11) NOT NULL AUTO_INCREMENT,
  `timestamp` datetime NOT NULL,
  `remote_ip` varchar(11) NOT NULL,
  `request` text NOT NULL,
  PRIMARY KEY (`request_log_id`)
) ENGINE=MyISAM AUTO_INCREMENT=167 DEFAULT CHARSET=latin1;

-- ----------------------------
-- Records of request_log
-- ----------------------------
INSERT INTO `request_log` VALUES ('1', '0000-00-00 00:00:00', '127.0.0.1', '&lt;?xml version=\"1.0\" encoding=\"UTF-8\"?&gt;\n<request>\n <authentication>\n  <apiID>123456789123456789</apiID>\n  <secretKey>dsdf324854s2d1f8s5g43sd21f</secretKey>\n </authentication>\n</request>');
INSERT INTO `request_log` VALUES ('2', '0000-00-00 00:00:00', '127.0.0.1', '<?xml version=\"1.0\" encoding=\"UTF-8\"?>\n<request>\n	<authentication>\n		<apiID>123456789123456789</apiID>\n		<secretKey>dsdf324854s2d1f8s5g43sd21f</secretKey>\n	</authentication>\n</request>');
INSERT INTO `request_log` VALUES ('3', '2009-11-05 19:41:57', '127.0.0.1', '<?xml version=\"1.0\" encoding=\"UTF-8\"?>\n<request>\n	<authentication>\n		<apiID>123456789123456789</apiID>\n		<secretKey>dsdf324854s2d1f8s5g43sd21f</secretKey>\n	</authentication>\n</request>');
INSERT INTO `request_log` VALUES ('4', '2009-11-05 19:42:26', '127.0.0.1', '<?xml version=\"1.0\" encoding=\"UTF-8\"?>\n<request>\n	<authentication>\n		<apiID>123456789123456789</apiID>\n		<secretKey>dsdf324854s2d1f8s5g43sd21f</secretKey>\n	</authentication>\n</request>');
INSERT INTO `request_log` VALUES ('5', '2009-11-05 19:46:36', '127.0.0.1', '<?xml version=\"1.0\" encoding=\"UTF-8\"?>\n<request>\n	<authentication>\n		<api_id>123456789123456789</api_id>\n		<secret_key>dsdf324854s2d1f8s5g43sd21f</secret_key>\n	</authentication>\n</request>');
INSERT INTO `request_log` VALUES ('6', '2009-11-05 19:48:12', '127.0.0.1', '<?xml version=\"1.0\" encoding=\"UTF-8\"?>\n<request>\n	<authentication>\n		<api_id>123456789123456789</api_id>\n		<secret_key>dsdf324854s2d1f8s5g43sd21f</secret_key>\n	</authentication>\n	<request_type>CreateUser</request_type>\n</request>');
INSERT INTO `request_log` VALUES ('7', '2009-11-05 20:04:26', '127.0.0.1', '<?xml version=\"1.0\" encoding=\"UTF-8\"?>\n<request>\n	<authentication>\n		<api_id>123456789123456789</api_id>\n		<secret_key>dsdf324854s2d1f8s5g43sd21f</secret_key>\n	</authentication>\n	<request_type>CreateUser</request_type>\n	<request_params>\n		\n	</request_params>\n</request>');
INSERT INTO `request_log` VALUES ('8', '2009-11-05 20:19:10', '127.0.0.1', '<?xml version=\"1.0\" encoding=\"UTF-8\"?>\n<request>\n	<authentication>\n		<api_id>123456789123456789</api_id>\n		<secret_key>dsdf324854s2d1f8s5g43sd21f</secret_key>\n	</authentication>\n	<request_type>CreateUser</request_type>\n	<request_params>\n		\n	</request_params>\n</request>');
INSERT INTO `request_log` VALUES ('9', '2009-11-05 20:27:56', '127.0.0.1', '<?xml version=\"1.0\" encoding=\"UTF-8\"?>\n<request>\n	<authentication>\n		<api_id>123456789123456789</api_id>\n		<secret_key>dsdf324854s2d1f8s5g43sd21f</secret_key>\n	</authentication>\n	<request_type>CreateUser</request_type>\n	<request_params>\n		\n	</request_params>\n</request>');
INSERT INTO `request_log` VALUES ('10', '2009-11-05 20:28:49', '127.0.0.1', '<?xml version=\"1.0\" encoding=\"UTF-8\"?>\n<request>\n	<authentication>\n		<api_id>123456789123456789</api_id>\n		<secret_key>dsdf324854s2d1f8s5g43sd21f</secret_key>\n	</authentication>\n	<request_type>CreateUser</request_type>\n	<request_params>\n		\n	</request_params>\n</request>');
INSERT INTO `request_log` VALUES ('11', '2009-11-05 20:29:26', '127.0.0.1', '<?xml version=\"1.0\" encoding=\"UTF-8\"?>\n<request>\n	<authentication>\n		<api_id>123456789123456789</api_id>\n		<secret_key>dsdf324854s2d1f8s5g43sd21f</secret_key>\n	</authentication>\n	<request_type>CreateUser</request_type>\n	<request_params>\n		\n	</request_params>\n</request>');
INSERT INTO `request_log` VALUES ('12', '2009-11-05 20:31:58', '127.0.0.1', '<?xml version=\"1.0\" encoding=\"UTF-8\"?>\n<request>\n	<authentication>\n		<api_id>123456789123456789</api_id>\n		<secret_key>dsdf324854s2d1f8s5g43sd21f</secret_key>\n	</authentication>\n	<request_type>CreateUser</request_type>\n	<request_params>\n		\n	</request_params>\n</request>');
INSERT INTO `request_log` VALUES ('13', '2009-11-05 20:33:32', '127.0.0.1', '<?xml version=\"1.0\" encoding=\"UTF-8\"?>\n<request>\n	<authentication>\n		<api_id>123456789123456789</api_id>\n		<secret_key>dsdf324854s2d1f8s5g43sd21f</secret_key>\n	</authentication>\n	<request_type>CreateUser</request_type>\n	<request_params>\n		\n	</request_params>\n</request>');
INSERT INTO `request_log` VALUES ('14', '2009-11-05 22:09:02', '127.0.0.1', '<?xml version=\"1.0\" encoding=\"UTF-8\"?>\n<request>\n	<authentication>\n		<api_id>123456789123456789</api_id>\n		<secret_key>dsdf324854s2d1f8s5g43sd21f</secret_key>\n	</authentication>\n	<request>CreateUser</request>\n	<request_params>\n		\n	</request_params>\n</request>');
INSERT INTO `request_log` VALUES ('15', '2009-11-05 22:17:55', '127.0.0.1', '<?xml version=\"1.0\" encoding=\"UTF-8\"?>\n<request>\n	<authentication>\n		<api_id>123456789123456789</api_id>\n		<secret_key>dsdf324854s2d1f8s5g43sd21f</secret_key>\n	</authentication>\n	<request>CreateUser</request>\n	<request_params>\n		\n	</request_params>\n</request>');
INSERT INTO `request_log` VALUES ('16', '2009-11-05 22:25:11', '127.0.0.1', '<?xml version=\"1.0\" encoding=\"UTF-8\"?>\n<request>\n	<authentication>\n		<api_id>123456789123456789</api_id>\n		<secret_key>dsdf324854s2d1f8s5g43sd21f</secret_key>\n	</authentication>\n	<request>CreateUser</request>\n	<request_params>\n		\n	</request_params>\n</request>');
INSERT INTO `request_log` VALUES ('17', '2009-11-05 22:25:40', '127.0.0.1', '<?xml version=\"1.0\" encoding=\"UTF-8\"?>\n<request>\n	<authentication>\n		<api_id>123456789123456789</api_id>\n		<secret_key>dsdf324854s2d1f8s5g43sd21f</secret_key>\n	</authentication>\n	<request>CreateUser</request>\n	<request_params>\n		\n	</request_params>\n</request>');
INSERT INTO `request_log` VALUES ('18', '2009-11-05 22:27:01', '127.0.0.1', '<?xml version=\"1.0\" encoding=\"UTF-8\"?>\n<request>\n	<authentication>\n		<api_id>123456789123456789</api_id>\n		<secret_key>dsdf324854s2d1f8s5g43sd21f</secret_key>\n	</authentication>\n	<request>CreateUser</request>\n	<request_params>\n		\n	</request_params>\n</request>');
INSERT INTO `request_log` VALUES ('19', '2009-11-05 22:27:42', '127.0.0.1', '<?xml version=\"1.0\" encoding=\"UTF-8\"?>\n<request>\n	<authentication>\n		<api_id>123456789123456789</api_id>\n		<secret_key>dsdf324854s2d1f8s5g43sd21f</secret_key>\n	</authentication>\n	<request>CreateUser</request>\n	<request_params>\n		\n	</request_params>\n</request>');
INSERT INTO `request_log` VALUES ('20', '2009-11-05 22:28:07', '127.0.0.1', '<?xml version=\"1.0\" encoding=\"UTF-8\"?>\n<request>\n	<authentication>\n		<api_id>123456789123456789</api_id>\n		<secret_key>dsdf324854s2d1f8s5g43sd21f</secret_key>\n	</authentication>\n	<request>CreateUser</request>\n	<request_params>\n		\n	</request_params>\n</request>');
INSERT INTO `request_log` VALUES ('21', '2009-11-05 23:00:36', '127.0.0.1', '<?xml version=\"1.0\" encoding=\"UTF-8\"?>\n<request>\n	<authentication>\n		<api_id>123456789123456789</api_id>\n		<secret_key>dsdf324854s2d1f8s5g43sd21f</secret_key>\n	</authentication>\n	<request>CreateUser</request>\n	<params>\n		\n	</params>\n</request>');
INSERT INTO `request_log` VALUES ('22', '2009-11-05 23:01:15', '127.0.0.1', '<?xml version=\"1.0\" encoding=\"UTF-8\"?>\n<request>\n	<authentication>\n		<api_id>123456789123456789</api_id>\n		<secret_key>dsdf324854s2d1f8s5g43sd21f</secret_key>\n	</authentication>\n	<request>CreateUser</request>\n	<params>\n		\n	</params>\n</request>');
INSERT INTO `request_log` VALUES ('23', '2009-11-05 23:01:42', '127.0.0.1', '<?xml version=\"1.0\" encoding=\"UTF-8\"?>\n<request>\n	<authentication>\n		<api_id>123456789123456789</api_id>\n		<secret_key>dsdf324854s2d1f8s5g43sd21f</secret_key>\n	</authentication>\n	<request>CreateUser</request>\n	<params>\n		\n	</params>\n</request>');
INSERT INTO `request_log` VALUES ('24', '2009-11-05 23:01:43', '127.0.0.1', '<?xml version=\"1.0\" encoding=\"UTF-8\"?>\n<request>\n	<authentication>\n		<api_id>123456789123456789</api_id>\n		<secret_key>dsdf324854s2d1f8s5g43sd21f</secret_key>\n	</authentication>\n	<request>CreateUser</request>\n	<params>\n		\n	</params>\n</request>');
INSERT INTO `request_log` VALUES ('25', '2009-11-05 23:02:33', '127.0.0.1', '<?xml version=\"1.0\" encoding=\"UTF-8\"?>\n<request>\n	<authentication>\n		<api_id>123456789123456789</api_id>\n		<secret_key>dsdf324854s2d1f8s5g43sd21f</secret_key>\n	</authentication>\n	<request>NewClient</request>\n	<params>\n		\n	</params>\n</request>');
INSERT INTO `request_log` VALUES ('26', '2009-11-05 23:03:00', '127.0.0.1', '<?xml version=\"1.0\" encoding=\"UTF-8\"?>\n<request>\n	<authentication>\n		<api_id>123456789123456789</api_id>\n		<secret_key>dsdf324854s2d1f8s5g43sd21f</secret_key>\n	</authentication>\n	<request>NewClient</request>\n	<params>\n		\n	</params>\n</request>');
INSERT INTO `request_log` VALUES ('27', '2009-11-05 23:03:10', '127.0.0.1', '<?xml version=\"1.0\" encoding=\"UTF-8\"?>\n<request>\n	<authentication>\n		<api_id>123456789123456789</api_id>\n		<secret_key>dsdf324854s2d1f8s5g43sd21f</secret_key>\n	</authentication>\n	<request>NewClient</request>\n	<params>\n		\n	</params>\n</request>');
INSERT INTO `request_log` VALUES ('28', '2009-11-05 23:03:23', '127.0.0.1', '<?xml version=\"1.0\" encoding=\"UTF-8\"?>\n<request>\n	<authentication>\n		<api_id>123456789123456789</api_id>\n		<secret_key>dsdf324854s2d1f8s5g43sd21f</secret_key>\n	</authentication>\n	<request>NewClient</request>\n	<params>\n		\n	</params>\n</request>');
INSERT INTO `request_log` VALUES ('29', '2009-11-05 23:08:12', '127.0.0.1', '<?xml version=\"1.0\" encoding=\"UTF-8\"?>\n<request>\n	<authentication>\n		<api_id>123456789123456789</api_id>\n		<secret_key>dsdf324854s2d1f8s5g43sd21f</secret_key>\n	</authentication>\n	<request>NewClient</request>\n	<params>\n		\n	</params>\n</request>');
INSERT INTO `request_log` VALUES ('30', '2009-11-05 23:10:12', '127.0.0.1', '<?xml version=\"1.0\" encoding=\"UTF-8\"?>\n<request>\n	<authentication>\n		<api_id>123456789123456789</api_id>\n		<secret_key>dsdf324854s2d1f8s5g43sd21f</secret_key>\n	</authentication>\n	<request>NewClient</request>\n	<params>\n		\n	</params>\n</request>');
INSERT INTO `request_log` VALUES ('31', '2009-11-05 23:10:32', '127.0.0.1', '<?xml version=\"1.0\" encoding=\"UTF-8\"?>\n<request>\n	<authentication>\n		<api_id>123456789123456789</api_id>\n		<secret_key>dsdf324854s2d1f8s5g43sd21f</secret_key>\n	</authentication>\n	<request>NewClient</request>\n	<params>\n		\n	</params>\n</request>');
INSERT INTO `request_log` VALUES ('32', '2009-11-05 23:10:34', '127.0.0.1', '<?xml version=\"1.0\" encoding=\"UTF-8\"?>\n<request>\n	<authentication>\n		<api_id>123456789123456789</api_id>\n		<secret_key>dsdf324854s2d1f8s5g43sd21f</secret_key>\n	</authentication>\n	<request>NewClient</request>\n	<params>\n		\n	</params>\n</request>');
INSERT INTO `request_log` VALUES ('33', '2009-11-05 23:10:53', '127.0.0.1', '<?xml version=\"1.0\" encoding=\"UTF-8\"?>\n<request>\n	<authentication>\n		<api_id>123456789123456789</api_id>\n		<secret_key>dsdf324854s2d1f8s5g43sd21f</secret_key>\n	</authentication>\n	<request>NewClient</request>\n	<params>\n		\n	</params>\n</request>');
INSERT INTO `request_log` VALUES ('34', '2009-11-05 23:11:20', '127.0.0.1', '<?xml version=\"1.0\" encoding=\"UTF-8\"?>\n<request>\n	<authentication>\n		<api_id>123456789123456789</api_id>\n		<secret_key>dsdf324854s2d1f8s5g43sd21f</secret_key>\n	</authentication>\n	<request>NewClient</request>\n	<params>\n		\n	</params>\n</request>');
INSERT INTO `request_log` VALUES ('35', '2009-11-05 23:11:52', '127.0.0.1', '<?xml version=\"1.0\" encoding=\"UTF-8\"?>\n<request>\n	<authentication>\n		<api_id>123456789123456789</api_id>\n		<secret_key>dsdf324854s2d1f8s5g43sd21f</secret_key>\n	</authentication>\n	<request>NewClient</request>\n	<params>\n		\n	</params>\n</request>');
INSERT INTO `request_log` VALUES ('36', '2009-11-05 23:12:09', '127.0.0.1', '<?xml version=\"1.0\" encoding=\"UTF-8\"?>\n<request>\n	<authentication>\n		<api_id>123456789123456789</api_id>\n		<secret_key>dsdf324854s2d1f8s5g43sd21f</secret_key>\n	</authentication>\n	<request>NewClient</request>\n	<params>\n		\n	</params>\n</request>');
INSERT INTO `request_log` VALUES ('37', '2009-11-05 23:12:34', '127.0.0.1', '<?xml version=\"1.0\" encoding=\"UTF-8\"?>\n<request>\n	<authentication>\n		<api_id>123456789123456789</api_id>\n		<secret_key>dsdf324854s2d1f8s5g43sd21f</secret_key>\n	</authentication>\n	<request>NewClient</request>\n	<params>\n		\n	</params>\n</request>');
INSERT INTO `request_log` VALUES ('38', '2009-11-05 23:12:49', '127.0.0.1', '<?xml version=\"1.0\" encoding=\"UTF-8\"?>\n<request>\n	<authentication>\n		<api_id>123456789123456789</api_id>\n		<secret_key>dsdf324854s2d1f8s5g43sd21f</secret_key>\n	</authentication>\n	<request>NewClient</request>\n	<params>\n		\n	</params>\n</request>');
INSERT INTO `request_log` VALUES ('39', '2009-11-05 23:12:50', '127.0.0.1', '<?xml version=\"1.0\" encoding=\"UTF-8\"?>\n<request>\n	<authentication>\n		<api_id>123456789123456789</api_id>\n		<secret_key>dsdf324854s2d1f8s5g43sd21f</secret_key>\n	</authentication>\n	<request>NewClient</request>\n	<params>\n		\n	</params>\n</request>');
INSERT INTO `request_log` VALUES ('40', '2009-11-05 23:13:33', '127.0.0.1', '<?xml version=\"1.0\" encoding=\"UTF-8\"?>\n<request>\n	<authentication>\n		<api_id>123456789123456789</api_id>\n		<secret_key>dsdf324854s2d1f8s5g43sd21f</secret_key>\n	</authentication>\n	<request>NewClient</request>\n	<params>\n		\n	</params>\n</request>');
INSERT INTO `request_log` VALUES ('41', '2009-11-05 23:26:33', '127.0.0.1', '<?xml version=\"1.0\" encoding=\"UTF-8\"?>\n<request>\n	<authentication>\n		<api_id>123456789123456789</api_id>\n		<secret_key>dsdf324854s2d1f8s5g43sd21f</secret_key>\n	</authentication>\n	<request>NewClient</request>\n	<params>\n		\n	</params>\n</request>');
INSERT INTO `request_log` VALUES ('42', '2009-11-05 23:27:26', '127.0.0.1', '<?xml version=\"1.0\" encoding=\"UTF-8\"?>\n<request>\n	<authentication>\n		<api_id>123456789123456789</api_id>\n		<secret_key>dsdf324854s2d1f8s5g43sd21f</secret_key>\n	</authentication>\n	<request>NewClient</request>\n	<params>\n		\n	</params>\n</request>');
INSERT INTO `request_log` VALUES ('43', '2009-11-05 23:29:57', '127.0.0.1', '<?xml version=\"1.0\" encoding=\"UTF-8\"?>\n<request>\n	<authentication>\n		<api_id>123456789123456789</api_id>\n		<secret_key>dsdf324854s2d1f8s5g43sd21f</secret_key>\n	</authentication>\n	<request>NewClient</request>\n	<params>\n		<first_name>David</first_name>\n		<last_name>Ryan</last_name>\n		<company>ABC Inc.</company>\n		<address_1>123 Main Street</address_1>\n		<city>Denver</city>\n		<state>CO</state>\n		<postal_code>80220</postal_code>\n		<country>US</country>\n		<phone>303319812</phone>\n		<email>daveryan187@yahoo.com</email>\n	</params>\n</request>');
INSERT INTO `request_log` VALUES ('44', '2009-11-05 23:31:03', '127.0.0.1', '<?xml version=\"1.0\" encoding=\"UTF-8\"?>\n<request>\n	<authentication>\n		<api_id>123456789123456789</api_id>\n		<secret_key>dsdf324854s2d1f8s5g43sd21f</secret_key>\n	</authentication>\n	<request>NewClient</request>\n	<params>\n		<first_name>David</first_name>\n		<last_name>Ryan</last_name>\n		<company>ABC Inc.</company>\n		<address_1>123 Main Street</address_1>\n		<city>Denver</city>\n		<state>CO</state>\n		<postal_code>80220</postal_code>\n		<country>US</country>\n		<phone>303319812</phone>\n		<email>daveryan187@yahoo.com</email>\n	</params>\n</request>');
INSERT INTO `request_log` VALUES ('45', '2009-11-05 23:31:29', '127.0.0.1', '<?xml version=\"1.0\" encoding=\"UTF-8\"?>\n<request>\n	<authentication>\n		<api_id>123456789123456789</api_id>\n		<secret_key>dsdf324854s2d1f8s5g43sd21f</secret_key>\n	</authentication>\n	<request>NewClient</request>\n	<params>\n		<first_name>David</first_name>\n		<last_name>Ryan</last_name>\n		<company>ABC Inc.</company>\n		<address_1>123 Main Street</address_1>\n		<city>Denver</city>\n		<state>CO</state>\n		<postal_code>80220</postal_code>\n		<country>US</country>\n		<phone>303319812</phone>\n		<email>daveryan187@yahoo.com</email>\n	</params>\n</request>');
INSERT INTO `request_log` VALUES ('46', '2009-11-05 23:32:08', '127.0.0.1', '<?xml version=\"1.0\" encoding=\"UTF-8\"?>\n<request>\n	<authentication>\n		<api_id>123456789123456789</api_id>\n		<secret_key>dsdf324854s2d1f8s5g43sd21f</secret_key>\n	</authentication>\n	<request>NewClient</request>\n	<params>\n		<first_name>David</first_name>\n		<last_name>Ryan</last_name>\n		<company>ABC Inc.</company>\n		<address_1>123 Main Street</address_1>\n		<city>Denver</city>\n		<state>CO</state>\n		<postal_code>80220</postal_code>\n		<country>US</country>\n		<phone>303319812</phone>\n		<email>daveryan187@yahoo.com</email>\n	</params>\n</request>');
INSERT INTO `request_log` VALUES ('47', '2009-11-05 23:32:38', '127.0.0.1', '<?xml version=\"1.0\" encoding=\"UTF-8\"?>\n<request>\n	<authentication>\n		<api_id>123456789123456789</api_id>\n		<secret_key>dsdf324854s2d1f8s5g43sd21f</secret_key>\n	</authentication>\n	<request>NewClient</request>\n	<params>\n		<first_name>David</first_name>\n		<last_name>Ryan</last_name>\n		<company>ABC Inc.</company>\n		<address_1>123 Main Street</address_1>\n		<city>Denver</city>\n		<state>CO</state>\n		<postal_code>80220</postal_code>\n		<country>US</country>\n		<phone>303319812</phone>\n		<email>daveryan187@yahoo.com</email>\n	</params>\n</request>');
INSERT INTO `request_log` VALUES ('48', '2009-11-05 23:32:40', '127.0.0.1', '<?xml version=\"1.0\" encoding=\"UTF-8\"?>\n<request>\n	<authentication>\n		<api_id>123456789123456789</api_id>\n		<secret_key>dsdf324854s2d1f8s5g43sd21f</secret_key>\n	</authentication>\n	<request>NewClient</request>\n	<params>\n		<first_name>David</first_name>\n		<last_name>Ryan</last_name>\n		<company>ABC Inc.</company>\n		<address_1>123 Main Street</address_1>\n		<city>Denver</city>\n		<state>CO</state>\n		<postal_code>80220</postal_code>\n		<country>US</country>\n		<phone>303319812</phone>\n		<email>daveryan187@yahoo.com</email>\n	</params>\n</request>');
INSERT INTO `request_log` VALUES ('49', '2009-11-05 23:32:41', '127.0.0.1', '<?xml version=\"1.0\" encoding=\"UTF-8\"?>\n<request>\n	<authentication>\n		<api_id>123456789123456789</api_id>\n		<secret_key>dsdf324854s2d1f8s5g43sd21f</secret_key>\n	</authentication>\n	<request>NewClient</request>\n	<params>\n		<first_name>David</first_name>\n		<last_name>Ryan</last_name>\n		<company>ABC Inc.</company>\n		<address_1>123 Main Street</address_1>\n		<city>Denver</city>\n		<state>CO</state>\n		<postal_code>80220</postal_code>\n		<country>US</country>\n		<phone>303319812</phone>\n		<email>daveryan187@yahoo.com</email>\n	</params>\n</request>');
INSERT INTO `request_log` VALUES ('50', '2009-11-05 23:32:42', '127.0.0.1', '<?xml version=\"1.0\" encoding=\"UTF-8\"?>\n<request>\n	<authentication>\n		<api_id>123456789123456789</api_id>\n		<secret_key>dsdf324854s2d1f8s5g43sd21f</secret_key>\n	</authentication>\n	<request>NewClient</request>\n	<params>\n		<first_name>David</first_name>\n		<last_name>Ryan</last_name>\n		<company>ABC Inc.</company>\n		<address_1>123 Main Street</address_1>\n		<city>Denver</city>\n		<state>CO</state>\n		<postal_code>80220</postal_code>\n		<country>US</country>\n		<phone>303319812</phone>\n		<email>daveryan187@yahoo.com</email>\n	</params>\n</request>');
INSERT INTO `request_log` VALUES ('51', '2009-11-05 23:32:42', '127.0.0.1', '<?xml version=\"1.0\" encoding=\"UTF-8\"?>\n<request>\n	<authentication>\n		<api_id>123456789123456789</api_id>\n		<secret_key>dsdf324854s2d1f8s5g43sd21f</secret_key>\n	</authentication>\n	<request>NewClient</request>\n	<params>\n		<first_name>David</first_name>\n		<last_name>Ryan</last_name>\n		<company>ABC Inc.</company>\n		<address_1>123 Main Street</address_1>\n		<city>Denver</city>\n		<state>CO</state>\n		<postal_code>80220</postal_code>\n		<country>US</country>\n		<phone>303319812</phone>\n		<email>daveryan187@yahoo.com</email>\n	</params>\n</request>');
INSERT INTO `request_log` VALUES ('52', '2009-11-05 23:38:20', '127.0.0.1', '<?xml version=\"1.0\" encoding=\"UTF-8\"?>\n<request>\n	<authentication>\n		<api_id>123456789123456789</api_id>\n		<secret_key>dsdf324854s2d1f8s5g43sd21f</secret_key>\n	</authentication>\n	<request>NewClient</request>\n	<params>\n		<first_name>David</first_name>\n		<last_name>Ryan</last_name>\n		<company>ABC Inc.</company>\n		<address_1>123 Main Street</address_1>\n		<city>Denver</city>\n		<state>CO</state>\n		<postal_code>80220</postal_code>\n		<country>US</country>\n		<phone>303319812</phone>\n		<email>daveryan187@yahoo.com</email>\n	</params>\n</request>');
INSERT INTO `request_log` VALUES ('53', '2009-11-05 23:38:43', '127.0.0.1', '<?xml version=\"1.0\" encoding=\"UTF-8\"?>\n<request>\n	<authentication>\n		<api_id>123456789123456789</api_id>\n		<secret_key>dsdf324854s2d1f8s5g43sd21f</secret_key>\n	</authentication>\n	<request>NewClient</request>\n	<params>\n		<first_name>David</first_name>\n		<last_name>Ryan</last_name>\n		<company>ABC Inc.</company>\n		<address_1>123 Main Street</address_1>\n		<city>Denver</city>\n		<state>CO</state>\n		<postal_code>80220</postal_code>\n		<country>US</country>\n		<phone>303319812</phone>\n		<email>daveryan187@yahoo.com</email>\n	</params>\n</request>');
INSERT INTO `request_log` VALUES ('54', '2009-11-05 23:39:00', '127.0.0.1', '<?xml version=\"1.0\" encoding=\"UTF-8\"?>\n<request>\n	<authentication>\n		<api_id>123456789123456789</api_id>\n		<secret_key>dsdf324854s2d1f8s5g43sd21f</secret_key>\n	</authentication>\n	<request>NewClient</request>\n	<params>\n		<first_name>David</first_name>\n		<last_name>Ryan</last_name>\n		<company>ABC Inc.</company>\n		<address_1>123 Main Street</address_1>\n		<city>Denver</city>\n		<state>CO</state>\n		<postal_code>80220</postal_code>\n		<country>US</country>\n		<phone>303319812</phone>\n		<email>daveryan187@yahoo.com</email>\n	</params>\n</request>');
INSERT INTO `request_log` VALUES ('55', '2009-11-05 23:39:23', '127.0.0.1', '<?xml version=\"1.0\" encoding=\"UTF-8\"?>\n<request>\n	<authentication>\n		<api_id>123456789123456789</api_id>\n		<secret_key>dsdf324854s2d1f8s5g43sd21f</secret_key>\n	</authentication>\n	<request>NewClient</request>\n	<params>\n		<first_name>David</first_name>\n		<last_name>Ryan</last_name>\n		<company>ABC Inc.</company>\n		<address_1>123 Main Street</address_1>\n		<city>Denver</city>\n		<state>CO</state>\n		<postal_code>80220</postal_code>\n		<country>US</country>\n		<phone>303319812</phone>\n		<email>daveryan187@yahoo.com</email>\n	</params>\n</request>');
INSERT INTO `request_log` VALUES ('56', '2009-11-05 23:40:28', '127.0.0.1', '<?xml version=\"1.0\" encoding=\"UTF-8\"?>\n<request>\n	<authentication>\n		<api_id>123456789123456789</api_id>\n		<secret_key>dsdf324854s2d1f8s5g43sd21f</secret_key>\n	</authentication>\n	<request>NewClient</request>\n	<params>\n		<first_name>David</first_name>\n		<last_name>Ryan</last_name>\n		<company>ABC Inc.</company>\n		<address_1>123 Main Street</address_1>\n		<city>Denver</city>\n		<state>CO</state>\n		<postal_code>80220</postal_code>\n		<country>US</country>\n		<phone>303319812</phone>\n		<email>daveryan187@yahoo.com</email>\n	</params>\n</request>');
INSERT INTO `request_log` VALUES ('57', '2009-11-05 23:42:00', '127.0.0.1', '<?xml version=\"1.0\" encoding=\"UTF-8\"?>\n<request>\n	<authentication>\n		<api_id>123456789123456789</api_id>\n		<secret_key>dsdf324854s2d1f8s5g43sd21f</secret_key>\n	</authentication>\n	<request>NewClient</request>\n	<params>\n		<first_name>David</first_name>\n		<last_name>Ryan</last_name>\n		<company>ABC Inc.</company>\n		<address_1>123 Main Street</address_1>\n		<city>Denver</city>\n		<state>CO</state>\n		<postal_code>80220</postal_code>\n		<country>US</country>\n		<phone>303319812</phone>\n		<email>daveryan187@yahoo.com</email>\n	</params>\n</request>');
INSERT INTO `request_log` VALUES ('58', '2009-11-05 23:42:01', '127.0.0.1', '<?xml version=\"1.0\" encoding=\"UTF-8\"?>\n<request>\n	<authentication>\n		<api_id>123456789123456789</api_id>\n		<secret_key>dsdf324854s2d1f8s5g43sd21f</secret_key>\n	</authentication>\n	<request>NewClient</request>\n	<params>\n		<first_name>David</first_name>\n		<last_name>Ryan</last_name>\n		<company>ABC Inc.</company>\n		<address_1>123 Main Street</address_1>\n		<city>Denver</city>\n		<state>CO</state>\n		<postal_code>80220</postal_code>\n		<country>US</country>\n		<phone>303319812</phone>\n		<email>daveryan187@yahoo.com</email>\n	</params>\n</request>');
INSERT INTO `request_log` VALUES ('59', '2009-11-05 23:42:13', '127.0.0.1', '<?xml version=\"1.0\" encoding=\"UTF-8\"?>\n<request>\n	<authentication>\n		<api_id>123456789123456789</api_id>\n		<secret_key>dsdf324854s2d1f8s5g43sd21f</secret_key>\n	</authentication>\n	<request>NewClient</request>\n	<params>\n		<first_name>David</first_name>\n		<last_name>Ryan</last_name>\n		<company>ABC Inc.</company>\n		<address_1>123 Main Street</address_1>\n		<city>Denver</city>\n		<state>CO</state>\n		<postal_code>80220</postal_code>\n		<country>US</country>\n		<phone>303319812</phone>\n		<email>daveryan187@yahoo.com</email>\n	</params>\n</request>');
INSERT INTO `request_log` VALUES ('60', '2009-11-05 23:44:47', '127.0.0.1', '<?xml version=\"1.0\" encoding=\"UTF-8\"?>\n<request>\n	<authentication>\n		<api_id>123456789123456789</api_id>\n		<secret_key>dsdf324854s2d1f8s5g43sd21f</secret_key>\n	</authentication>\n	<request>NewClient</request>\n	<params>\n		<first_name>David</first_name>\n		<last_name>Ryan</last_name>\n		<company>ABC Inc.</company>\n		<address_1>123 Main Street</address_1>\n		<city>Denver</city>\n		<state>CO</state>\n		<postal_code>80220</postal_code>\n		<country>US</country>\n		<phone>303319812</phone>\n		<email>daveryan187@yahoo.com</email>\n	</params>\n</request>');
INSERT INTO `request_log` VALUES ('61', '2009-11-05 23:45:25', '127.0.0.1', '<?xml version=\"1.0\" encoding=\"UTF-8\"?>\n<request>\n	<authentication>\n		<api_id>123456789123456789</api_id>\n		<secret_key>dsdf324854s2d1f8s5g43sd21f</secret_key>\n	</authentication>\n	<request>NewClient</request>\n	<params>\n		<first_name>David</first_name>\n		<last_name>Ryan</last_name>\n		<company>ABC Inc.</company>\n		<address_1>123 Main Street</address_1>\n		<city>Denver</city>\n		<state>CO</state>\n		<postal_code>80220</postal_code>\n		<country>US</country>\n		<phone>303319812</phone>\n		<email>daveryan187@yahoo.com</email>\n	</params>\n</request>');
INSERT INTO `request_log` VALUES ('62', '2009-11-05 23:47:25', '127.0.0.1', '<?xml version=\"1.0\" encoding=\"UTF-8\"?>\n<request>\n	<authentication>\n		<api_id>123456789123456789</api_id>\n		<secret_key>dsdf324854s2d1f8s5g43sd21f</secret_key>\n	</authentication>\n	<request>NewClient</request>\n	<params>\n		<first_name>David</first_name>\n		<last_name>Ryan</last_name>\n		<company>ABC Inc.</company>\n		<address_1>123 Main Street</address_1>\n		<city>Denver</city>\n		<state>CO</state>\n		<postal_code>80220</postal_code>\n		<country>US</country>\n		<phone>303319812</phone>\n		<email>daveryan187@yahoo.com</email>\n	</params>\n</request>');
INSERT INTO `request_log` VALUES ('63', '2009-11-05 23:47:26', '127.0.0.1', '<?xml version=\"1.0\" encoding=\"UTF-8\"?>\n<request>\n	<authentication>\n		<api_id>123456789123456789</api_id>\n		<secret_key>dsdf324854s2d1f8s5g43sd21f</secret_key>\n	</authentication>\n	<request>NewClient</request>\n	<params>\n		<first_name>David</first_name>\n		<last_name>Ryan</last_name>\n		<company>ABC Inc.</company>\n		<address_1>123 Main Street</address_1>\n		<city>Denver</city>\n		<state>CO</state>\n		<postal_code>80220</postal_code>\n		<country>US</country>\n		<phone>303319812</phone>\n		<email>daveryan187@yahoo.com</email>\n	</params>\n</request>');
INSERT INTO `request_log` VALUES ('64', '2009-11-05 23:47:38', '127.0.0.1', '<?xml version=\"1.0\" encoding=\"UTF-8\"?>\n<request>\n	<authentication>\n		<api_id>123456789123456789</api_id>\n		<secret_key>dsdf324854s2d1f8s5g43sd21f</secret_key>\n	</authentication>\n	<request>NewClient</request>\n	<params>\n		<first_name>David</first_name>\n		<last_name>Ryan</last_name>\n		<company>ABC Inc.</company>\n		<address_1>123 Main Street</address_1>\n		<city>Denver</city>\n		<state>CO</state>\n		<postal_code>80220</postal_code>\n		<country>US</country>\n		<phone>303319812</phone>\n		<email>daveryan187@yahoo.com</email>\n	</params>\n</request>');
INSERT INTO `request_log` VALUES ('65', '2009-11-05 23:47:59', '127.0.0.1', '<?xml version=\"1.0\" encoding=\"UTF-8\"?>\n<request>\n	<authentication>\n		<api_id>123456789123456789</api_id>\n		<secret_key>dsdf324854s2d1f8s5g43sd21f</secret_key>\n	</authentication>\n	<request>NewClient</request>\n	<params>\n		<first_name>David</first_name>\n		<last_name>Ryan</last_name>\n		<company>ABC Inc.</company>\n		<address_1>123 Main Street</address_1>\n		<city>Denver</city>\n		<state>CO</state>\n		<postal_code>80220</postal_code>\n		<country>US</country>\n		<phone>303319812</phone>\n		<email>daveryan187@yahoo.com</email>\n	</params>\n</request>');
INSERT INTO `request_log` VALUES ('66', '2009-11-05 23:48:36', '127.0.0.1', '<?xml version=\"1.0\" encoding=\"UTF-8\"?>\n<request>\n	<authentication>\n		<api_id>123456789123456789</api_id>\n		<secret_key>dsdf324854s2d1f8s5g43sd21f</secret_key>\n	</authentication>\n	<request>NewClient</request>\n	<params>\n		<first_name>David</first_name>\n		<last_name>Ryan</last_name>\n		<company>ABC Inc.</company>\n		<address_1>123 Main Street</address_1>\n		<city>Denver</city>\n		<state>CO</state>\n		<postal_code>80220</postal_code>\n		<country>US</country>\n		<phone>303319812</phone>\n		<email>daveryan187@yahoo.com</email>\n	</params>\n</request>');
INSERT INTO `request_log` VALUES ('67', '2009-11-05 23:48:38', '127.0.0.1', '<?xml version=\"1.0\" encoding=\"UTF-8\"?>\n<request>\n	<authentication>\n		<api_id>123456789123456789</api_id>\n		<secret_key>dsdf324854s2d1f8s5g43sd21f</secret_key>\n	</authentication>\n	<request>NewClient</request>\n	<params>\n		<first_name>David</first_name>\n		<last_name>Ryan</last_name>\n		<company>ABC Inc.</company>\n		<address_1>123 Main Street</address_1>\n		<city>Denver</city>\n		<state>CO</state>\n		<postal_code>80220</postal_code>\n		<country>US</country>\n		<phone>303319812</phone>\n		<email>daveryan187@yahoo.com</email>\n	</params>\n</request>');
INSERT INTO `request_log` VALUES ('68', '2009-11-05 23:48:49', '127.0.0.1', '<?xml version=\"1.0\" encoding=\"UTF-8\"?>\n<request>\n	<authentication>\n		<api_id>123456789123456789</api_id>\n		<secret_key>dsdf324854s2d1f8s5g43sd21f</secret_key>\n	</authentication>\n	<request>NewClient</request>\n	<params>\n		<first_name>David</first_name>\n		<last_name>Ryan</last_name>\n		<company>ABC Inc.</company>\n		<address_1>123 Main Street</address_1>\n		<city>Denver</city>\n		<state>CO</state>\n		<postal_code>80220</postal_code>\n		<country>US</country>\n		<phone>303319812</phone>\n		<email>daveryan187@yahoo.com</email>\n	</params>\n</request>');
INSERT INTO `request_log` VALUES ('69', '2009-11-05 23:49:13', '127.0.0.1', '<?xml version=\"1.0\" encoding=\"UTF-8\"?>\n<request>\n	<authentication>\n		<api_id>123456789123456789</api_id>\n		<secret_key>dsdf324854s2d1f8s5g43sd21f</secret_key>\n	</authentication>\n	<request>NewClient</request>\n	<params>\n		<first_name>David</first_name>\n		<last_name>Ryan</last_name>\n		<company>ABC Inc.</company>\n		<address_1>123 Main Street</address_1>\n		<city>Denver</city>\n		<state>CO</state>\n		<postal_code>80220</postal_code>\n		<country>US</country>\n		<phone>303319812</phone>\n		<email>daveryan187@yahoo.com</email>\n	</params>\n</request>');
INSERT INTO `request_log` VALUES ('70', '2009-11-05 23:50:01', '127.0.0.1', '<?xml version=\"1.0\" encoding=\"UTF-8\"?>\n<request>\n	<authentication>\n		<api_id>123456789123456789</api_id>\n		<secret_key>dsdf324854s2d1f8s5g43sd21f</secret_key>\n	</authentication>\n	<request>NewClient</request>\n	<params>\n		<first_name>David</first_name>\n		<last_name>Ryan</last_name>\n		<company>ABC Inc.</company>\n		<address_1>123 Main Street</address_1>\n		<city>Denver</city>\n		<state>CO</state>\n		<postal_code>80220</postal_code>\n		<country>US</country>\n		<phone>303319812</phone>\n		<email>daveryan187@yahoo.com</email>\n	</params>\n</request>');
INSERT INTO `request_log` VALUES ('71', '2009-11-05 23:50:21', '127.0.0.1', '<?xml version=\"1.0\" encoding=\"UTF-8\"?>\n<request>\n	<authentication>\n		<api_id>123456789123456789</api_id>\n		<secret_key>dsdf324854s2d1f8s5g43sd21f</secret_key>\n	</authentication>\n	<request>NewClient</request>\n	<params>\n		<first_name>David</first_name>\n		<last_name>Ryan</last_name>\n		<company>ABC Inc.</company>\n		<address_1>123 Main Street</address_1>\n		<city>Denver</city>\n		<state>CO</state>\n		<postal_code>80220</postal_code>\n		<country>US</country>\n		<phone>303319812</phone>\n		<email>daveryan187@yahoo.com</email>\n	</params>\n</request>');
INSERT INTO `request_log` VALUES ('72', '2009-11-05 23:50:40', '127.0.0.1', '<?xml version=\"1.0\" encoding=\"UTF-8\"?>\n<request>\n	<authentication>\n		<api_id>123456789123456789</api_id>\n		<secret_key>dsdf324854s2d1f8s5g43sd21f</secret_key>\n	</authentication>\n	<request>NewClient</request>\n	<params>\n		<first_name>David</first_name>\n		<last_name>Ryan</last_name>\n		<company>ABC Inc.</company>\n		<address_1>123 Main Street</address_1>\n		<city>Denver</city>\n		<state>CO</state>\n		<postal_code>80220</postal_code>\n		<country>US</country>\n		<phone>303319812</phone>\n		<email>daveryan187@yahoo.com</email>\n	</params>\n</request>');
INSERT INTO `request_log` VALUES ('73', '2009-11-05 23:54:24', '127.0.0.1', '<?xml version=\"1.0\" encoding=\"UTF-8\"?>\n<request>\n	<authentication>\n		<api_id>123456789123456789</api_id>\n		<secret_key>dsdf324854s2d1f8s5g43sd21f</secret_key>\n	</authentication>\n	<request>NewClient</request>\n	<params>\n		<first_name>David</first_name>\n		<last_name>Ryan</last_name>\n		<company>ABC Inc.</company>\n		<address_1>123 Main Street</address_1>\n		<city>Denver</city>\n		<state>CO</state>\n		<postal_code>80220</postal_code>\n		<country>US</country>\n		<phone>303319812</phone>\n		<email>daveryan187@yahoo.com</email>\n	</params>\n</request>');
INSERT INTO `request_log` VALUES ('74', '2009-11-05 23:56:03', '127.0.0.1', '<?xml version=\"1.0\" encoding=\"UTF-8\"?>\n<request>\n	<authentication>\n		<api_id>123456789123456789</api_id>\n		<secret_key>dsdf324854s2d1f8s5g43sd21f</secret_key>\n	</authentication>\n	<request>NewClient</request>\n	<params>\n		<first_name>David</first_name>\n		<last_name>Ryan</last_name>\n		<company>ABC Inc.</company>\n		<address_1>123 Main Street</address_1>\n		<city>Denver</city>\n		<state>CO</state>\n		<postal_code>80220</postal_code>\n		<country>US</country>\n		<phone>303319812</phone>\n		<email>daveryan187@yahoo.com</email>\n	</params>\n</request>');
INSERT INTO `request_log` VALUES ('75', '2009-11-05 23:56:16', '127.0.0.1', '<?xml version=\"1.0\" encoding=\"UTF-8\"?>\n<request>\n	<authentication>\n		<api_id>123456789123456789</api_id>\n		<secret_key>dsdf324854s2d1f8s5g43sd21f</secret_key>\n	</authentication>\n	<request>NewClient</request>\n	<params>\n		<first_name>David</first_name>\n		<last_name>Ryan</last_name>\n		<company>ABC Inc.</company>\n		<address_1>123 Main Street</address_1>\n		<city>Denver</city>\n		<state>CO</state>\n		<postal_code>80220</postal_code>\n		<country>US</country>\n		<phone>303319812</phone>\n		<email>daveryan187@yahoo.com</email>\n	</params>\n</request>');
INSERT INTO `request_log` VALUES ('76', '2009-11-06 00:00:51', '127.0.0.1', '<?xml version=\"1.0\" encoding=\"UTF-8\"?>\n<request>\n	<authentication>\n		<api_id>123456789123456789</api_id>\n		<secret_key>dsdf324854s2d1f8s5g43sd21f</secret_key>\n	</authentication>\n	<request>NewClient</request>\n	<params>\n		<first_name>David</first_name>\n		<last_name>Ryan</last_name>\n		<company>ABC Inc.</company>\n		<address_1>123 Main Street</address_1>\n		<city>Denver</city>\n		<state>CO</state>\n		<postal_code>80220</postal_code>\n		<country>US</country>\n		<phone>303319812</phone>\n		<email>daveryan187@yahoo.com</email>\n	</params>\n</request>');
INSERT INTO `request_log` VALUES ('77', '2009-11-06 00:01:38', '127.0.0.1', '<?xml version=\"1.0\" encoding=\"UTF-8\"?>\n<request>\n	<authentication>\n		<api_id>123456789123456789</api_id>\n		<secret_key>dsdf324854s2d1f8s5g43sd21f</secret_key>\n	</authentication>\n	<request>NewClient</request>\n	<params>\n		<first_name>David</first_name>\n		<last_name>Ryan</last_name>\n		<company>ABC Inc.</company>\n		<address_1>123 Main Street</address_1>\n		<city>Denver</city>\n		<state>CO</state>\n		<postal_code>80220</postal_code>\n		<country>US</country>\n		<phone>303319812</phone>\n		<email>daveryan187@yahoo.com</email>\n	</params>\n</request>');
INSERT INTO `request_log` VALUES ('78', '2009-11-06 00:02:44', '127.0.0.1', '<?xml version=\"1.0\" encoding=\"UTF-8\"?>\n<request>\n	<authentication>\n		<api_id>123456789123456789</api_id>\n		<secret_key>dsdf324854s2d1f8s5g43sd21f</secret_key>\n	</authentication>\n	<request>NewClient</request>\n	<params>\n		<first_name>David</first_name>\n		<last_name>Ryan</last_name>\n		<company>ABC Inc.</company>\n		<address_1>123 Main Street</address_1>\n		<city>Denver</city>\n		<state>CO</state>\n		<postal_code>80220</postal_code>\n		<country>US</country>\n		<phone>303319812</phone>\n		<email>daveryan187@yahoo.com</email>\n	</params>\n</request>');
INSERT INTO `request_log` VALUES ('79', '2009-11-06 00:03:06', '127.0.0.1', '<?xml version=\"1.0\" encoding=\"UTF-8\"?>\n<request>\n	<authentication>\n		<api_id>123456789123456789</api_id>\n		<secret_key>dsdf324854s2d1f8s5g43sd21f</secret_key>\n	</authentication>\n	<request>NewClient</request>\n	<params>\n		<first_name>David</first_name>\n		<last_name>Ryan</last_name>\n		<company>ABC Inc.</company>\n		<address_1>123 Main Street</address_1>\n		<city>Denver</city>\n		<state>CO</state>\n		<postal_code>80220</postal_code>\n		<country>US</country>\n		<phone>303319812</phone>\n		<email>daveryan187@yahoo.com</email>\n	</params>\n</request>');
INSERT INTO `request_log` VALUES ('80', '2009-11-06 00:03:53', '127.0.0.1', '<?xml version=\"1.0\" encoding=\"UTF-8\"?>\n<request>\n	<authentication>\n		<api_id>123456789123456789</api_id>\n		<secret_key>dsdf324854s2d1f8s5g43sd21f</secret_key>\n	</authentication>\n	<request>NewClient</request>\n	<params>\n		<first_name>David</first_name>\n		<last_name>Ryan</last_name>\n		<company>ABC Inc.</company>\n		<address_1>123 Main Street</address_1>\n		<city>Denver</city>\n		<state>CO</state>\n		<postal_code>80220</postal_code>\n		<country>US</country>\n		<phone>303319812</phone>\n		<email>daveryan187@yahoo.com</email>\n	</params>\n</request>');
INSERT INTO `request_log` VALUES ('81', '2009-11-06 00:04:14', '127.0.0.1', '<?xml version=\"1.0\" encoding=\"UTF-8\"?>\n<request>\n	<authentication>\n		<api_id>123456789123456789</api_id>\n		<secret_key>dsdf324854s2d1f8s5g43sd21f</secret_key>\n	</authentication>\n	<request>NewClient</request>\n	<params>\n		<first_name>David</first_name>\n		<last_name>Ryan</last_name>\n		<company>ABC Inc.</company>\n		<address_1>123 Main Street</address_1>\n		<city>Denver</city>\n		<state>CO</state>\n		<postal_code>80220</postal_code>\n		<country>US</country>\n		<phone>303319812</phone>\n		<email>daveryan187@yahoo.com</email>\n	</params>\n</request>');
INSERT INTO `request_log` VALUES ('82', '2009-11-06 00:04:28', '127.0.0.1', '<?xml version=\"1.0\" encoding=\"UTF-8\"?>\n<request>\n	<authentication>\n		<api_id>123456789123456789</api_id>\n		<secret_key>dsdf324854s2d1f8s5g43sd21f</secret_key>\n	</authentication>\n	<request>NewClient</request>\n	<params>\n		<first_name>David</first_name>\n		<last_name>Ryan</last_name>\n		<company>ABC Inc.</company>\n		<address_1>123 Main Street</address_1>\n		<city>Denver</city>\n		<state>CO</state>\n		<postal_code>80220</postal_code>\n		<country>US</country>\n		<phone>303319812</phone>\n		<email>daveryan187@yahoo.com</email>\n	</params>\n</request>');
INSERT INTO `request_log` VALUES ('83', '2009-11-06 00:11:12', '127.0.0.1', '<?xml version=\"1.0\" encoding=\"UTF-8\"?>\n<request>\n	<authentication>\n		<api_id>123456789123456789</api_id>\n		<secret_key>dsdf324854s2d1f8s5g43sd21f</secret_key>\n	</authentication>\n	<request>NewClient</request>\n	<params>\n		<first_name>David</first_name>\n		<last_name>Ryan</last_name>\n		<company>ABC Inc.</company>\n		<address_1>123 Main Street</address_1>\n		<city>Denver</city>\n		<state>CO</state>\n		<postal_code>80220</postal_code>\n		<country>US</country>\n		<phone>303319812</phone>\n		<email>daveryan187@yahoo.com</email>\n	</params>\n</request>');
INSERT INTO `request_log` VALUES ('84', '2009-11-06 00:15:02', '127.0.0.1', '<?xml version=\"1.0\" encoding=\"UTF-8\"?>\n<request>\n	<authentication>\n		<api_id>123456789123456789</api_id>\n		<secret_key>dsdf324854s2d1f8s5g43sd21f</secret_key>\n	</authentication>\n	<request>NewClient</request>\n	<params>\n		<first_name>David</first_name>\n		<last_name>Ryan</last_name>\n		<company>ABC Inc.</company>\n		<address_1>123 Main Street</address_1>\n		<city>Denver</city>\n		<state>CO</state>\n		<postal_code>80220</postal_code>\n		<country>US</country>\n		<phone>303319812</phone>\n		<email>daveryan187@yahoo.com</email>\n	</params>\n</request>');
INSERT INTO `request_log` VALUES ('85', '2009-11-06 00:15:18', '127.0.0.1', '<?xml version=\"1.0\" encoding=\"UTF-8\"?>\n<request>\n	<authentication>\n		<api_id>123456789123456789</api_id>\n		<secret_key>dsdf324854s2d1f8s5g43sd21f</secret_key>\n	</authentication>\n	<request>NewClient</request>\n	<params>\n		<first_name>David</first_name>\n		<last_name>Ryan</last_name>\n		<company>ABC Inc.</company>\n		<address_1>123 Main Street</address_1>\n		<city>Denver</city>\n		<state>CO</state>\n		<postal_code>80220</postal_code>\n		<country>US</country>\n		<phone>303319812</phone>\n		<email>daveryan187@yahoo.com</email>\n	</params>\n</request>');
INSERT INTO `request_log` VALUES ('86', '2009-11-06 00:22:23', '127.0.0.1', '<?xml version=\"1.0\" encoding=\"UTF-8\"?>\n<request>\n	<authentication>\n		<api_id>123456789123456789</api_id>\n		<secret_key>dsdf324854s2d1f8s5g43sd21f</secret_key>\n	</authentication>\n	<request>NewClient</request>\n	<params>\n		<first_name>David</first_name>\n		<last_name>Ryan</last_name>\n		<company>ABC Inc.</company>\n		<address_1>123 Main Street</address_1>\n		<city>Denver</city>\n		<state>CO</state>\n		<postal_code>80220</postal_code>\n		<country>US</country>\n		<phone>303319812</phone>\n		<email>daveryan187@yahoo.com</email>\n	</params>\n</request>');
INSERT INTO `request_log` VALUES ('87', '2009-11-06 00:22:44', '127.0.0.1', '<?xml version=\"1.0\" encoding=\"UTF-8\"?>\n<request>\n	<authentication>\n		<api_id>123456789123456789</api_id>\n		<secret_key>dsdf324854s2d1f8s5g43sd21f</secret_key>\n	</authentication>\n	<request>NewClient</request>\n	<params>\n		<first_name>David</first_name>\n		<last_name>Ryan</last_name>\n		<company>ABC Inc.</company>\n		<address_1>123 Main Street</address_1>\n		<city>Denver</city>\n		<state>CO</state>\n		<postal_code>80220</postal_code>\n		<country>US</country>\n		<phone>303319812</phone>\n		<email>daveryan187@yahoo.com</email>\n	</params>\n</request>');
INSERT INTO `request_log` VALUES ('88', '2009-11-06 00:23:02', '127.0.0.1', '<?xml version=\"1.0\" encoding=\"UTF-8\"?>\n<request>\n	<authentication>\n		<api_id>123456789123456789</api_id>\n		<secret_key>dsdf324854s2d1f8s5g43sd21f</secret_key>\n	</authentication>\n	<request>NewClient</request>\n	<params>\n		<first_name>David</first_name>\n		<last_name>Ryan</last_name>\n		<company>ABC Inc.</company>\n		<address_1>123 Main Street</address_1>\n		<city>Denver</city>\n		<state>CO</state>\n		<postal_code>80220</postal_code>\n		<country>US</country>\n		<phone>303319812</phone>\n		<email>daveryan187@yahoo.com</email>\n	</params>\n</request>');
INSERT INTO `request_log` VALUES ('89', '2009-11-06 00:23:49', '127.0.0.1', '<?xml version=\"1.0\" encoding=\"UTF-8\"?>\n<request>\n	<authentication>\n		<api_id>123456789123456789</api_id>\n		<secret_key>dsdf324854s2d1f8s5g43sd21f</secret_key>\n	</authentication>\n	<request>NewClient</request>\n	<params>\n		<first_name>David</first_name>\n		<last_name>Ryan</last_name>\n		<company>ABC Inc.</company>\n		<address_1>123 Main Street</address_1>\n		<city>Denver</city>\n		<state>CO</state>\n		<postal_code>80220</postal_code>\n		<country>US</country>\n		<phone>303319812</phone>\n		<email>daveryan187@yahoo.com</email>\n	</params>\n</request>');
INSERT INTO `request_log` VALUES ('90', '2009-11-06 00:24:08', '127.0.0.1', '<?xml version=\"1.0\" encoding=\"UTF-8\"?>\n<request>\n	<authentication>\n		<api_id>123456789123456789</api_id>\n		<secret_key>dsdf324854s2d1f8s5g43sd21f</secret_key>\n	</authentication>\n	<request>NewClient</request>\n	<params>\n		<first_name>David</first_name>\n		<last_name>Ryan</last_name>\n		<company>ABC Inc.</company>\n		<address_1>123 Main Street</address_1>\n		<city>Denver</city>\n		<state>CO</state>\n		<postal_code>80220</postal_code>\n		<country>US</country>\n		<phone>303319812</phone>\n		<email>daveryan187@yahoo.com</email>\n	</params>\n</request>');
INSERT INTO `request_log` VALUES ('91', '2009-11-06 00:24:22', '127.0.0.1', '<?xml version=\"1.0\" encoding=\"UTF-8\"?>\n<request>\n	<authentication>\n		<api_id>123456789123456789</api_id>\n		<secret_key>dsdf324854s2d1f8s5g43sd21f</secret_key>\n	</authentication>\n	<request>NewClient</request>\n	<params>\n		<first_name>David</first_name>\n		<last_name>Ryan</last_name>\n		<company>ABC Inc.</company>\n		<address_1>123 Main Street</address_1>\n		<city>Denver</city>\n		<state>CO</state>\n		<postal_code>80220</postal_code>\n		<country>US</country>\n		<phone>303319812</phone>\n		<email>daveryan187@yahoo.com</email>\n	</params>\n</request>');
INSERT INTO `request_log` VALUES ('92', '2009-11-06 00:24:41', '127.0.0.1', '<?xml version=\"1.0\" encoding=\"UTF-8\"?>\n<request>\n	<authentication>\n		<api_id>123456789123456789</api_id>\n		<secret_key>dsdf324854s2d1f8s5g43sd21f</secret_key>\n	</authentication>\n	<request>NewClient</request>\n	<params>\n		<first_name>David</first_name>\n		<last_name>Ryan</last_name>\n		<company>ABC Inc.</company>\n		<address_1>123 Main Street</address_1>\n		<city>Denver</city>\n		<state>CO</state>\n		<postal_code>80220</postal_code>\n		<country>US</country>\n		<phone>303319812</phone>\n		<email>daveryan187@yahoo.com</email>\n	</params>\n</request>');
INSERT INTO `request_log` VALUES ('93', '2009-11-06 00:27:35', '127.0.0.1', '<?xml version=\"1.0\" encoding=\"UTF-8\"?>\n<request>\n	<authentication>\n		<api_id>123456789123456789</api_id>\n		<secret_key>dsdf324854s2d1f8s5g43sd21f</secret_key>\n	</authentication>\n	<request>NewClient</request>\n	<params>\n		<first_name>David</first_name>\n		<last_name>Ryan</last_name>\n		<company>ABC Inc.</company>\n		<address_1>123 Main Street</address_1>\n		<city>Denver</city>\n		<state>CO</state>\n		<postal_code>80220</postal_code>\n		<country>US</country>\n		<phone>303319812</phone>\n		<email>daveryan187@yahoo.com</email>\n	</params>\n</request>');
INSERT INTO `request_log` VALUES ('94', '2009-11-06 00:27:36', '127.0.0.1', '<?xml version=\"1.0\" encoding=\"UTF-8\"?>\n<request>\n	<authentication>\n		<api_id>123456789123456789</api_id>\n		<secret_key>dsdf324854s2d1f8s5g43sd21f</secret_key>\n	</authentication>\n	<request>NewClient</request>\n	<params>\n		<first_name>David</first_name>\n		<last_name>Ryan</last_name>\n		<company>ABC Inc.</company>\n		<address_1>123 Main Street</address_1>\n		<city>Denver</city>\n		<state>CO</state>\n		<postal_code>80220</postal_code>\n		<country>US</country>\n		<phone>303319812</phone>\n		<email>daveryan187@yahoo.com</email>\n	</params>\n</request>');
INSERT INTO `request_log` VALUES ('95', '2009-11-06 00:27:37', '127.0.0.1', '<?xml version=\"1.0\" encoding=\"UTF-8\"?>\n<request>\n	<authentication>\n		<api_id>123456789123456789</api_id>\n		<secret_key>dsdf324854s2d1f8s5g43sd21f</secret_key>\n	</authentication>\n	<request>NewClient</request>\n	<params>\n		<first_name>David</first_name>\n		<last_name>Ryan</last_name>\n		<company>ABC Inc.</company>\n		<address_1>123 Main Street</address_1>\n		<city>Denver</city>\n		<state>CO</state>\n		<postal_code>80220</postal_code>\n		<country>US</country>\n		<phone>303319812</phone>\n		<email>daveryan187@yahoo.com</email>\n	</params>\n</request>');
INSERT INTO `request_log` VALUES ('96', '2009-11-06 00:27:37', '127.0.0.1', '<?xml version=\"1.0\" encoding=\"UTF-8\"?>\n<request>\n	<authentication>\n		<api_id>123456789123456789</api_id>\n		<secret_key>dsdf324854s2d1f8s5g43sd21f</secret_key>\n	</authentication>\n	<request>NewClient</request>\n	<params>\n		<first_name>David</first_name>\n		<last_name>Ryan</last_name>\n		<company>ABC Inc.</company>\n		<address_1>123 Main Street</address_1>\n		<city>Denver</city>\n		<state>CO</state>\n		<postal_code>80220</postal_code>\n		<country>US</country>\n		<phone>303319812</phone>\n		<email>daveryan187@yahoo.com</email>\n	</params>\n</request>');
INSERT INTO `request_log` VALUES ('97', '2009-11-06 00:27:38', '127.0.0.1', '<?xml version=\"1.0\" encoding=\"UTF-8\"?>\n<request>\n	<authentication>\n		<api_id>123456789123456789</api_id>\n		<secret_key>dsdf324854s2d1f8s5g43sd21f</secret_key>\n	</authentication>\n	<request>NewClient</request>\n	<params>\n		<first_name>David</first_name>\n		<last_name>Ryan</last_name>\n		<company>ABC Inc.</company>\n		<address_1>123 Main Street</address_1>\n		<city>Denver</city>\n		<state>CO</state>\n		<postal_code>80220</postal_code>\n		<country>US</country>\n		<phone>303319812</phone>\n		<email>daveryan187@yahoo.com</email>\n	</params>\n</request>');
INSERT INTO `request_log` VALUES ('98', '2009-11-06 00:27:38', '127.0.0.1', '<?xml version=\"1.0\" encoding=\"UTF-8\"?>\n<request>\n	<authentication>\n		<api_id>123456789123456789</api_id>\n		<secret_key>dsdf324854s2d1f8s5g43sd21f</secret_key>\n	</authentication>\n	<request>NewClient</request>\n	<params>\n		<first_name>David</first_name>\n		<last_name>Ryan</last_name>\n		<company>ABC Inc.</company>\n		<address_1>123 Main Street</address_1>\n		<city>Denver</city>\n		<state>CO</state>\n		<postal_code>80220</postal_code>\n		<country>US</country>\n		<phone>303319812</phone>\n		<email>daveryan187@yahoo.com</email>\n	</params>\n</request>');
INSERT INTO `request_log` VALUES ('99', '2009-11-06 00:27:38', '127.0.0.1', '<?xml version=\"1.0\" encoding=\"UTF-8\"?>\n<request>\n	<authentication>\n		<api_id>123456789123456789</api_id>\n		<secret_key>dsdf324854s2d1f8s5g43sd21f</secret_key>\n	</authentication>\n	<request>NewClient</request>\n	<params>\n		<first_name>David</first_name>\n		<last_name>Ryan</last_name>\n		<company>ABC Inc.</company>\n		<address_1>123 Main Street</address_1>\n		<city>Denver</city>\n		<state>CO</state>\n		<postal_code>80220</postal_code>\n		<country>US</country>\n		<phone>303319812</phone>\n		<email>daveryan187@yahoo.com</email>\n	</params>\n</request>');
INSERT INTO `request_log` VALUES ('100', '2009-11-06 00:27:38', '127.0.0.1', '<?xml version=\"1.0\" encoding=\"UTF-8\"?>\n<request>\n	<authentication>\n		<api_id>123456789123456789</api_id>\n		<secret_key>dsdf324854s2d1f8s5g43sd21f</secret_key>\n	</authentication>\n	<request>NewClient</request>\n	<params>\n		<first_name>David</first_name>\n		<last_name>Ryan</last_name>\n		<company>ABC Inc.</company>\n		<address_1>123 Main Street</address_1>\n		<city>Denver</city>\n		<state>CO</state>\n		<postal_code>80220</postal_code>\n		<country>US</country>\n		<phone>303319812</phone>\n		<email>daveryan187@yahoo.com</email>\n	</params>\n</request>');
INSERT INTO `request_log` VALUES ('101', '2009-11-06 00:27:38', '127.0.0.1', '<?xml version=\"1.0\" encoding=\"UTF-8\"?>\n<request>\n	<authentication>\n		<api_id>123456789123456789</api_id>\n		<secret_key>dsdf324854s2d1f8s5g43sd21f</secret_key>\n	</authentication>\n	<request>NewClient</request>\n	<params>\n		<first_name>David</first_name>\n		<last_name>Ryan</last_name>\n		<company>ABC Inc.</company>\n		<address_1>123 Main Street</address_1>\n		<city>Denver</city>\n		<state>CO</state>\n		<postal_code>80220</postal_code>\n		<country>US</country>\n		<phone>303319812</phone>\n		<email>daveryan187@yahoo.com</email>\n	</params>\n</request>');
INSERT INTO `request_log` VALUES ('102', '2009-11-06 00:27:39', '127.0.0.1', '<?xml version=\"1.0\" encoding=\"UTF-8\"?>\n<request>\n	<authentication>\n		<api_id>123456789123456789</api_id>\n		<secret_key>dsdf324854s2d1f8s5g43sd21f</secret_key>\n	</authentication>\n	<request>NewClient</request>\n	<params>\n		<first_name>David</first_name>\n		<last_name>Ryan</last_name>\n		<company>ABC Inc.</company>\n		<address_1>123 Main Street</address_1>\n		<city>Denver</city>\n		<state>CO</state>\n		<postal_code>80220</postal_code>\n		<country>US</country>\n		<phone>303319812</phone>\n		<email>daveryan187@yahoo.com</email>\n	</params>\n</request>');
INSERT INTO `request_log` VALUES ('103', '2009-11-06 00:27:39', '127.0.0.1', '<?xml version=\"1.0\" encoding=\"UTF-8\"?>\n<request>\n	<authentication>\n		<api_id>123456789123456789</api_id>\n		<secret_key>dsdf324854s2d1f8s5g43sd21f</secret_key>\n	</authentication>\n	<request>NewClient</request>\n	<params>\n		<first_name>David</first_name>\n		<last_name>Ryan</last_name>\n		<company>ABC Inc.</company>\n		<address_1>123 Main Street</address_1>\n		<city>Denver</city>\n		<state>CO</state>\n		<postal_code>80220</postal_code>\n		<country>US</country>\n		<phone>303319812</phone>\n		<email>daveryan187@yahoo.com</email>\n	</params>\n</request>');
INSERT INTO `request_log` VALUES ('104', '2009-11-06 00:27:39', '127.0.0.1', '<?xml version=\"1.0\" encoding=\"UTF-8\"?>\n<request>\n	<authentication>\n		<api_id>123456789123456789</api_id>\n		<secret_key>dsdf324854s2d1f8s5g43sd21f</secret_key>\n	</authentication>\n	<request>NewClient</request>\n	<params>\n		<first_name>David</first_name>\n		<last_name>Ryan</last_name>\n		<company>ABC Inc.</company>\n		<address_1>123 Main Street</address_1>\n		<city>Denver</city>\n		<state>CO</state>\n		<postal_code>80220</postal_code>\n		<country>US</country>\n		<phone>303319812</phone>\n		<email>daveryan187@yahoo.com</email>\n	</params>\n</request>');
INSERT INTO `request_log` VALUES ('105', '2009-11-06 00:27:39', '127.0.0.1', '<?xml version=\"1.0\" encoding=\"UTF-8\"?>\n<request>\n	<authentication>\n		<api_id>123456789123456789</api_id>\n		<secret_key>dsdf324854s2d1f8s5g43sd21f</secret_key>\n	</authentication>\n	<request>NewClient</request>\n	<params>\n		<first_name>David</first_name>\n		<last_name>Ryan</last_name>\n		<company>ABC Inc.</company>\n		<address_1>123 Main Street</address_1>\n		<city>Denver</city>\n		<state>CO</state>\n		<postal_code>80220</postal_code>\n		<country>US</country>\n		<phone>303319812</phone>\n		<email>daveryan187@yahoo.com</email>\n	</params>\n</request>');
INSERT INTO `request_log` VALUES ('106', '2009-11-06 00:27:39', '127.0.0.1', '<?xml version=\"1.0\" encoding=\"UTF-8\"?>\n<request>\n	<authentication>\n		<api_id>123456789123456789</api_id>\n		<secret_key>dsdf324854s2d1f8s5g43sd21f</secret_key>\n	</authentication>\n	<request>NewClient</request>\n	<params>\n		<first_name>David</first_name>\n		<last_name>Ryan</last_name>\n		<company>ABC Inc.</company>\n		<address_1>123 Main Street</address_1>\n		<city>Denver</city>\n		<state>CO</state>\n		<postal_code>80220</postal_code>\n		<country>US</country>\n		<phone>303319812</phone>\n		<email>daveryan187@yahoo.com</email>\n	</params>\n</request>');
INSERT INTO `request_log` VALUES ('107', '2009-11-06 00:27:39', '127.0.0.1', '<?xml version=\"1.0\" encoding=\"UTF-8\"?>\n<request>\n	<authentication>\n		<api_id>123456789123456789</api_id>\n		<secret_key>dsdf324854s2d1f8s5g43sd21f</secret_key>\n	</authentication>\n	<request>NewClient</request>\n	<params>\n		<first_name>David</first_name>\n		<last_name>Ryan</last_name>\n		<company>ABC Inc.</company>\n		<address_1>123 Main Street</address_1>\n		<city>Denver</city>\n		<state>CO</state>\n		<postal_code>80220</postal_code>\n		<country>US</country>\n		<phone>303319812</phone>\n		<email>daveryan187@yahoo.com</email>\n	</params>\n</request>');
INSERT INTO `request_log` VALUES ('108', '2009-11-06 00:27:59', '127.0.0.1', '<?xml version=\"1.0\" encoding=\"UTF-8\"?>\n<request>\n	<authentication>\n		<api_id>123456789123456789</api_id>\n		<secret_key>dsdf324854s2d1f8s5g43sd21f</secret_key>\n	</authentication>\n	<request>NewClient</request>\n	<params>\n		<first_name>David</first_name>\n		<last_name>Ryan</last_name>\n		<company>ABC Inc.</company>\n		<address_1>123 Main Street</address_1>\n		<city>Denver</city>\n		<state>CO</state>\n		<postal_code>80220</postal_code>\n		<country>US</country>\n		<phone>303319812</phone>\n		<email>daveryan187@yahoo.com</email>\n	</params>\n</request>');
INSERT INTO `request_log` VALUES ('109', '2009-11-06 00:28:18', '127.0.0.1', '<?xml version=\"1.0\" encoding=\"UTF-8\"?>\n<request>\n	<authentication>\n		<api_id>123456789123456789</api_id>\n		<secret_key>dsdf324854s2d1f8s5g43sd21f</secret_key>\n	</authentication>\n	<request>NewClient</request>\n	<params>\n		<first_name>David</first_name>\n		<last_name>Ryan</last_name>\n		<company>ABC Inc.</company>\n		<address_1>123 Main Street</address_1>\n		<city>Denver</city>\n		<state>CO</state>\n		<postal_code>80220</postal_code>\n		<country>US</country>\n		<phone>303319812</phone>\n		<email>daveryan187@yahoo.com</email>\n	</params>\n</request>');
INSERT INTO `request_log` VALUES ('110', '2009-11-06 00:31:07', '127.0.0.1', '<?xml version=\"1.0\" encoding=\"UTF-8\"?>\n<request>\n	<authentication>\n		<api_id>123456789123456789</api_id>\n		<secret_key>dsdf324854s2d1f8s5g43sd21f</secret_key>\n	</authentication>\n	<request>NewClient</request>\n	<params>\n		<first_name>David</first_name>\n		<last_name>Ryan</last_name>\n		<company>ABC Inc.</company>\n		<address_1>123 Main Street</address_1>\n		<city>Denver</city>\n		<state>CO</state>\n		<postal_code>80220</postal_code>\n		<country>US</country>\n		<phone>303319812</phone>\n		<email>daveryan187@yahoo.com</email>\n	</params>\n</request>');
INSERT INTO `request_log` VALUES ('111', '2009-11-06 00:35:23', '127.0.0.1', '<?xml version=\"1.0\" encoding=\"UTF-8\"?>\n<request>\n	<authentication>\n		<api_id>123456789123456789</api_id>\n		<secret_key>dsdf324854s2d1f8s5g43sd21f</secret_key>\n	</authentication>\n	<request>NewClient</request>\n	<params>\n		<first_name>David</first_name>\n		<last_name>Ryan</last_name>\n		<company>ABC Inc.</company>\n		<address_1>123 Main Street</address_1>\n		<city>Denver</city>\n		<state>CO</state>\n		<postal_code>80220</postal_code>\n		<country>US</country>\n		<phone>303319812</phone>\n		<email>daveryan187@yahoo.com</email>\n	</params>\n</request>');
INSERT INTO `request_log` VALUES ('112', '2009-11-06 00:35:39', '127.0.0.1', '<?xml version=\"1.0\" encoding=\"UTF-8\"?>\n<request>\n	<authentication>\n		<api_id>123456789123456789</api_id>\n		<secret_key>dsdf324854s2d1f8s5g43sd21f</secret_key>\n	</authentication>\n	<request>NewClient</request>\n	<params>\n		<first_name>David</first_name>\n		<last_name>Ryan</last_name>\n		<company>ABC Inc.</company>\n		<address_1>123 Main Street</address_1>\n		<city>Denver</city>\n		<state>CO</state>\n		<postal_code>80220</postal_code>\n		<country>US</country>\n		<phone>303319812</phone>\n		<email>daveryan187@yahoo.com</email>\n	</params>\n</request>');
INSERT INTO `request_log` VALUES ('113', '2009-11-06 00:35:57', '127.0.0.1', '<?xml version=\"1.0\" encoding=\"UTF-8\"?>\n<request>\n	<authentication>\n		<api_id>123456789123456789</api_id>\n		<secret_key>dsdf324854s2d1f8s5g43sd21f</secret_key>\n	</authentication>\n	<request>NewClient</request>\n	<params>\n		<first_name>David</first_name>\n		<last_name>Ryan</last_name>\n		<company>ABC Inc.</company>\n		<address_1>123 Main Street</address_1>\n		<city>Denver</city>\n		<state>CO</state>\n		<postal_code>80220</postal_code>\n		<country>US</country>\n		<phone>303319812</phone>\n		<email>daveryan187@yahoo.com</email>\n	</params>\n</request>');
INSERT INTO `request_log` VALUES ('114', '2009-11-06 00:36:06', '127.0.0.1', '<?xml version=\"1.0\" encoding=\"UTF-8\"?>\n<request>\n	<authentication>\n		<api_id>123456789123456789</api_id>\n		<secret_key>dsdf324854s2d1f8s5g43sd21f</secret_key>\n	</authentication>\n	<request>NewClient</request>\n	<params>\n		<first_name>David</first_name>\n		<last_name>Ryan</last_name>\n		<company>ABC Inc.</company>\n		<address_1>123 Main Street</address_1>\n		<city>Denver</city>\n		<state>CO</state>\n		<postal_code>80220</postal_code>\n		<country>US</country>\n		<phone>303319812</phone>\n		<email>daveryan187@yahoo.com</email>\n	</params>\n</request>');
INSERT INTO `request_log` VALUES ('115', '2009-11-06 00:36:20', '127.0.0.1', '<?xml version=\"1.0\" encoding=\"UTF-8\"?>\n<request>\n	<authentication>\n		<api_id>123456789123456789</api_id>\n		<secret_key>dsdf324854s2d1f8s5g43sd21f</secret_key>\n	</authentication>\n	<request>NewClient</request>\n	<params>\n		<first_name>David</first_name>\n		<last_name>Ryan</last_name>\n		<company>ABC Inc.</company>\n		<address_1>123 Main Street</address_1>\n		<city>Denver</city>\n		<state>CO</state>\n		<postal_code>80220</postal_code>\n		<country>US</country>\n		<phone>303319812</phone>\n		<email>daveryan187@yahoo.com</email>\n	</params>\n</request>');
INSERT INTO `request_log` VALUES ('116', '2009-11-06 00:36:51', '127.0.0.1', '<?xml version=\"1.0\" encoding=\"UTF-8\"?>\n<request>\n	<authentication>\n		<api_id>123456789123456789</api_id>\n		<secret_key>dsdf324854s2d1f8s5g43sd21f</secret_key>\n	</authentication>\n	<request>NewClient</request>\n	<params>\n		<first_name>David</first_name>\n		<last_name>Ryan</last_name>\n		<company>ABC Inc.</company>\n		<address_1>123 Main Street</address_1>\n		<city>Denver</city>\n		<state>CO</state>\n		<postal_code>80220</postal_code>\n		<country>US</country>\n		<phone>303319812</phone>\n		<email>daveryan187@yahoo.com</email>\n	</params>\n</request>');
INSERT INTO `request_log` VALUES ('117', '2009-11-06 00:37:28', '127.0.0.1', '<?xml version=\"1.0\" encoding=\"UTF-8\"?>\n<request>\n	<authentication>\n		<api_id>123456789123456789</api_id>\n		<secret_key>dsdf324854s2d1f8s5g43sd21f</secret_key>\n	</authentication>\n	<request>NewClient</request>\n	<params>\n		<first_name>David</first_name>\n		<last_name>Ryan</last_name>\n		<company>ABC Inc.</company>\n		<address_1>123 Main Street</address_1>\n		<city>Denver</city>\n		<state>CO</state>\n		<postal_code>80220</postal_code>\n		<country>US</country>\n		<phone>303319812</phone>\n		<email>daveryan187@yahoo.com</email>\n	</params>\n</request>');
INSERT INTO `request_log` VALUES ('118', '2009-11-06 00:37:47', '127.0.0.1', '<?xml version=\"1.0\" encoding=\"UTF-8\"?>\n<request>\n	<authentication>\n		<api_id>123456789123456789</api_id>\n		<secret_key>dsdf324854s2d1f8s5g43sd21f</secret_key>\n	</authentication>\n	<request>NewClient</request>\n	<params>\n		<first_name>David</first_name>\n		<last_name>Ryan</last_name>\n		<company>ABC Inc.</company>\n		<address_1>123 Main Street</address_1>\n		<city>Denver</city>\n		<state>CO</state>\n		<postal_code>80220</postal_code>\n		<country>US</country>\n		<phone>303319812</phone>\n		<email>daveryan187@yahoo.com</email>\n	</params>\n</request>');
INSERT INTO `request_log` VALUES ('119', '2009-11-06 00:38:18', '127.0.0.1', '<?xml version=\"1.0\" encoding=\"UTF-8\"?>\n<request>\n	<authentication>\n		<api_id>123456789123456789</api_id>\n		<secret_key>dsdf324854s2d1f8s5g43sd21f</secret_key>\n	</authentication>\n	<request>NewClient</request>\n	<params>\n		<first_name>David</first_name>\n		<last_name>Ryan</last_name>\n		<company>ABC Inc.</company>\n		<address_1>123 Main Street</address_1>\n		<city>Denver</city>\n		<state>CO</state>\n		<postal_code>80220</postal_code>\n		<country>US</country>\n		<phone>303319812</phone>\n		<email>daveryan187@yahoo.com</email>\n	</params>\n</request>');
INSERT INTO `request_log` VALUES ('120', '2009-11-06 00:39:29', '127.0.0.1', '<?xml version=\"1.0\" encoding=\"UTF-8\"?>\n<request>\n	<authentication>\n		<api_id>123456789123456789</api_id>\n		<secret_key>dsdf324854s2d1f8s5g43sd21f</secret_key>\n	</authentication>\n	<request>NewClient</request>\n	<params>\n		<first_name>David</first_name>\n		<last_name>Ryan</last_name>\n		<company>ABC Inc.</company>\n		<address_1>123 Main Street</address_1>\n		<city>Denver</city>\n		<state>CO</state>\n		<postal_code>80220</postal_code>\n		<country>US</country>\n		<phone>303319812</phone>\n		<email>daveryan187@yahoo.com</email>\n	</params>\n</request>');
INSERT INTO `request_log` VALUES ('121', '2009-11-06 00:39:31', '127.0.0.1', '<?xml version=\"1.0\" encoding=\"UTF-8\"?>\n<request>\n	<authentication>\n		<api_id>123456789123456789</api_id>\n		<secret_key>dsdf324854s2d1f8s5g43sd21f</secret_key>\n	</authentication>\n	<request>NewClient</request>\n	<params>\n		<first_name>David</first_name>\n		<last_name>Ryan</last_name>\n		<company>ABC Inc.</company>\n		<address_1>123 Main Street</address_1>\n		<city>Denver</city>\n		<state>CO</state>\n		<postal_code>80220</postal_code>\n		<country>US</country>\n		<phone>303319812</phone>\n		<email>daveryan187@yahoo.com</email>\n	</params>\n</request>');
INSERT INTO `request_log` VALUES ('122', '2009-11-06 00:39:32', '127.0.0.1', '<?xml version=\"1.0\" encoding=\"UTF-8\"?>\n<request>\n	<authentication>\n		<api_id>123456789123456789</api_id>\n		<secret_key>dsdf324854s2d1f8s5g43sd21f</secret_key>\n	</authentication>\n	<request>NewClient</request>\n	<params>\n		<first_name>David</first_name>\n		<last_name>Ryan</last_name>\n		<company>ABC Inc.</company>\n		<address_1>123 Main Street</address_1>\n		<city>Denver</city>\n		<state>CO</state>\n		<postal_code>80220</postal_code>\n		<country>US</country>\n		<phone>303319812</phone>\n		<email>daveryan187@yahoo.com</email>\n	</params>\n</request>');
INSERT INTO `request_log` VALUES ('123', '2009-11-06 00:39:32', '127.0.0.1', '<?xml version=\"1.0\" encoding=\"UTF-8\"?>\n<request>\n	<authentication>\n		<api_id>123456789123456789</api_id>\n		<secret_key>dsdf324854s2d1f8s5g43sd21f</secret_key>\n	</authentication>\n	<request>NewClient</request>\n	<params>\n		<first_name>David</first_name>\n		<last_name>Ryan</last_name>\n		<company>ABC Inc.</company>\n		<address_1>123 Main Street</address_1>\n		<city>Denver</city>\n		<state>CO</state>\n		<postal_code>80220</postal_code>\n		<country>US</country>\n		<phone>303319812</phone>\n		<email>daveryan187@yahoo.com</email>\n	</params>\n</request>');
INSERT INTO `request_log` VALUES ('124', '2009-11-06 00:39:33', '127.0.0.1', '<?xml version=\"1.0\" encoding=\"UTF-8\"?>\n<request>\n	<authentication>\n		<api_id>123456789123456789</api_id>\n		<secret_key>dsdf324854s2d1f8s5g43sd21f</secret_key>\n	</authentication>\n	<request>NewClient</request>\n	<params>\n		<first_name>David</first_name>\n		<last_name>Ryan</last_name>\n		<company>ABC Inc.</company>\n		<address_1>123 Main Street</address_1>\n		<city>Denver</city>\n		<state>CO</state>\n		<postal_code>80220</postal_code>\n		<country>US</country>\n		<phone>303319812</phone>\n		<email>daveryan187@yahoo.com</email>\n	</params>\n</request>');
INSERT INTO `request_log` VALUES ('125', '2009-11-06 00:39:33', '127.0.0.1', '<?xml version=\"1.0\" encoding=\"UTF-8\"?>\n<request>\n	<authentication>\n		<api_id>123456789123456789</api_id>\n		<secret_key>dsdf324854s2d1f8s5g43sd21f</secret_key>\n	</authentication>\n	<request>NewClient</request>\n	<params>\n		<first_name>David</first_name>\n		<last_name>Ryan</last_name>\n		<company>ABC Inc.</company>\n		<address_1>123 Main Street</address_1>\n		<city>Denver</city>\n		<state>CO</state>\n		<postal_code>80220</postal_code>\n		<country>US</country>\n		<phone>303319812</phone>\n		<email>daveryan187@yahoo.com</email>\n	</params>\n</request>');
INSERT INTO `request_log` VALUES ('126', '2009-11-06 00:39:33', '127.0.0.1', '<?xml version=\"1.0\" encoding=\"UTF-8\"?>\n<request>\n	<authentication>\n		<api_id>123456789123456789</api_id>\n		<secret_key>dsdf324854s2d1f8s5g43sd21f</secret_key>\n	</authentication>\n	<request>NewClient</request>\n	<params>\n		<first_name>David</first_name>\n		<last_name>Ryan</last_name>\n		<company>ABC Inc.</company>\n		<address_1>123 Main Street</address_1>\n		<city>Denver</city>\n		<state>CO</state>\n		<postal_code>80220</postal_code>\n		<country>US</country>\n		<phone>303319812</phone>\n		<email>daveryan187@yahoo.com</email>\n	</params>\n</request>');
INSERT INTO `request_log` VALUES ('127', '2009-11-06 00:40:03', '127.0.0.1', '<?xml version=\"1.0\" encoding=\"UTF-8\"?>\n<request>\n	<authentication>\n		<api_id>123456789123456789</api_id>\n		<secret_key>dsdf324854s2d1f8s5g43sd21f</secret_key>\n	</authentication>\n	<request>NewClient</request>\n	<params>\n		<first_name>David</first_name>\n		<last_name>Ryan</last_name>\n		<company>ABC Inc.</company>\n		<address_1>123 Main Street</address_1>\n		<city>Denver</city>\n		<state>CO</state>\n		<postal_code>80220</postal_code>\n		<country>US</country>\n		<phone>303319812</phone>\n		<email>daveryan187@yahoo.com</email>\n	</params>\n</request>');
INSERT INTO `request_log` VALUES ('128', '2009-11-06 00:40:22', '127.0.0.1', '<?xml version=\"1.0\" encoding=\"UTF-8\"?>\n<request>\n	<authentication>\n		<api_id>123456789123456789</api_id>\n		<secret_key>dsdf324854s2d1f8s5g43sd21f</secret_key>\n	</authentication>\n	<request>NewClient</request>\n	<params>\n		<first_name>David</first_name>\n		<last_name>Ryan</last_name>\n		<company>ABC Inc.</company>\n		<address_1>123 Main Street</address_1>\n		<city>Denver</city>\n		<state>CO</state>\n		<postal_code>80220</postal_code>\n		<country>US</country>\n		<phone>303319812</phone>\n		<email>daveryan187@yahoo.com</email>\n	</params>\n</request>');
INSERT INTO `request_log` VALUES ('129', '2009-11-06 00:40:36', '127.0.0.1', '<?xml version=\"1.0\" encoding=\"UTF-8\"?>\n<request>\n	<authentication>\n		<api_id>123456789123456789</api_id>\n		<secret_key>dsdf324854s2d1f8s5g43sd21f</secret_key>\n	</authentication>\n	<request>NewClient</request>\n	<params>\n		<first_name>David</first_name>\n		<last_name>Ryan</last_name>\n		<company>ABC Inc.</company>\n		<address_1>123 Main Street</address_1>\n		<city>Denver</city>\n		<state>CO</state>\n		<postal_code>80220</postal_code>\n		<country>US</country>\n		<phone>303319812</phone>\n		<email>daveryan187@yahoo.com</email>\n	</params>\n</request>');
INSERT INTO `request_log` VALUES ('130', '2009-11-06 00:41:55', '127.0.0.1', '<?xml version=\"1.0\" encoding=\"UTF-8\"?>\n<request>\n	<authentication>\n		<api_id>123456789123456789</api_id>\n		<secret_key>dsdf324854s2d1f8s5g43sd21f</secret_key>\n	</authentication>\n	<request>NewClient</request>\n	<params>\n		<first_name>David</first_name>\n		<last_name>Ryan</last_name>\n		<company>ABC Inc.</company>\n		<address_1>123 Main Street</address_1>\n		<city>Denver</city>\n		<state>CO</state>\n		<postal_code>80220</postal_code>\n		<country>US</country>\n		<phone>303319812</phone>\n		<email>daveryan187@yahoo.com</email>\n	</params>\n</request>');
INSERT INTO `request_log` VALUES ('131', '2009-11-06 00:42:12', '127.0.0.1', '<?xml version=\"1.0\" encoding=\"UTF-8\"?>\n<request>\n	<authentication>\n		<api_id>123456789123456789</api_id>\n		<secret_key>dsdf324854s2d1f8s5g43sd21f</secret_key>\n	</authentication>\n	<request>NewClient</request>\n	<params>\n		<first_name>David</first_name>\n		<last_name>Ryan</last_name>\n		<company>ABC Inc.</company>\n		<address_1>123 Main Street</address_1>\n		<city>Denver</city>\n		<state>CO</state>\n		<postal_code>80220</postal_code>\n		<country>US</country>\n		<phone>303319812</phone>\n		<email>daveryan187@yahoo.com</email>\n	</params>\n</request>');
INSERT INTO `request_log` VALUES ('132', '2009-11-06 00:42:26', '127.0.0.1', '<?xml version=\"1.0\" encoding=\"UTF-8\"?>\n<request>\n	<authentication>\n		<api_id>123456789123456789</api_id>\n		<secret_key>dsdf324854s2d1f8s5g43sd21f</secret_key>\n	</authentication>\n	<request>NewClient</request>\n	<params>\n		<first_name>David</first_name>\n		<last_name>Ryan</last_name>\n		<company>ABC Inc.</company>\n		<address_1>123 Main Street</address_1>\n		<city>Denver</city>\n		<state>CO</state>\n		<postal_code>80220</postal_code>\n		<country>US</country>\n		<phone>303319812</phone>\n		<email>daveryan187@yahoo.com</email>\n	</params>\n</request>');
INSERT INTO `request_log` VALUES ('133', '2009-11-06 00:43:27', '127.0.0.1', '<?xml version=\"1.0\" encoding=\"UTF-8\"?>\n<request>\n	<authentication>\n		<api_id>123456789123456789</api_id>\n		<secret_key>dsdf324854s2d1f8s5g43sd21f</secret_key>\n	</authentication>\n	<request>NewClient</request>\n	<params>\n		<first_name>David</first_name>\n		<last_name>Ryan</last_name>\n		<company>ABC Inc.</company>\n		<address_1>123 Main Street</address_1>\n		<city>Denver</city>\n		<state>CO</state>\n		<postal_code>80220</postal_code>\n		<country>US</country>\n		<phone>303319812</phone>\n		<email>daveryan187@yahoo.com</email>\n	</params>\n</request>');
INSERT INTO `request_log` VALUES ('134', '2009-11-06 00:43:41', '127.0.0.1', '<?xml version=\"1.0\" encoding=\"UTF-8\"?>\n<request>\n	<authentication>\n		<api_id>123456789123456789</api_id>\n		<secret_key>dsdf324854s2d1f8s5g43sd21f</secret_key>\n	</authentication>\n	<request>NewClient</request>\n	<params>\n		<first_name>David</first_name>\n		<last_name>Ryan</last_name>\n		<company>ABC Inc.</company>\n		<address_1>123 Main Street</address_1>\n		<city>Denver</city>\n		<state>CO</state>\n		<postal_code>80220</postal_code>\n		<country>US</country>\n		<phone>303319812</phone>\n		<email>daveryan187@yahoo.com</email>\n	</params>\n</request>');
INSERT INTO `request_log` VALUES ('135', '2009-11-06 00:45:07', '127.0.0.1', '<?xml version=\"1.0\" encoding=\"UTF-8\"?>\n<request>\n	<authentication>\n		<api_id>123456789123456789</api_id>\n		<secret_key>dsdf324854s2d1f8s5g43sd21f</secret_key>\n	</authentication>\n	<request>NewClient</request>\n	<params>\n		<first_name>David</first_name>\n		<last_name>Ryan</last_name>\n		<company>ABC Inc.</company>\n		<address_1>123 Main Street</address_1>\n		<city>Denver</city>\n		<state>CO</state>\n		<postal_code>80220</postal_code>\n		<country>US</country>\n		<phone>303319812</phone>\n		<email>daveryan187@yahoo.com</email>\n	</params>\n</request>');
INSERT INTO `request_log` VALUES ('136', '2009-11-06 00:49:31', '127.0.0.1', '<?xml version=\"1.0\" encoding=\"UTF-8\"?>\n<request>\n	<authentication>\n		<api_id>123456789123456789</api_id>\n		<secret_key>dsdf324854s2d1f8s5g43sd21f</secret_key>\n	</authentication>\n	<request>NewClient</request>\n	<params>\n		<first_name>David</first_name>\n		<last_name>Ryan</last_name>\n		<company>ABC Inc.</company>\n		<address_1>123 Main Street</address_1>\n		<city>Denver</city>\n		<state>CO</state>\n		<postal_code>80220</postal_code>\n		<country>US</country>\n		<phone>303319812</phone>\n		<email>daveryan187@yahoo.com</email>\n	</params>\n</request>');
INSERT INTO `request_log` VALUES ('137', '2009-11-06 00:49:41', '127.0.0.1', '<?xml version=\"1.0\" encoding=\"UTF-8\"?>\n<request>\n	<authentication>\n		<api_id>123456789123456789</api_id>\n		<secret_key>dsdf324854s2d1f8s5g43sd21f</secret_key>\n	</authentication>\n	<request>NewClient</request>\n	<params>\n		<first_name>David</first_name>\n		<last_name>Ryan</last_name>\n		<company>ABC Inc.</company>\n		<address_1>123 Main Street</address_1>\n		<city>Denver</city>\n		<state>CO</state>\n		<postal_code>80220</postal_code>\n		<country>US</country>\n		<phone>303319812</phone>\n		<email>daveryan187@yahoo.com</email>\n	</params>\n</request>');
INSERT INTO `request_log` VALUES ('138', '2009-11-06 00:50:37', '127.0.0.1', '<?xml version=\"1.0\" encoding=\"UTF-8\"?>\n<request>\n	<authentication>\n		<api_id>123456789123456789</api_id>\n		<secret_key>dsdf324854s2d1f8s5g43sd21f</secret_key>\n	</authentication>\n	<request>NewClient</request>\n	<params>\n		<first_name>David</first_name>\n		<last_name>Ryan</last_name>\n		<company>ABC Inc.</company>\n		<address_1>123 Main Street</address_1>\n		<city>Denver</city>\n		<state>CO</state>\n		<postal_code>80220</postal_code>\n		<country>US</country>\n		<phone>303319812</phone>\n		<email>daveryan187@yahoo.com</email>\n	</params>\n</request>');
INSERT INTO `request_log` VALUES ('139', '2009-11-06 00:57:57', '127.0.0.1', '<?xml version=\"1.0\" encoding=\"UTF-8\"?>\n<request>\n	<authentication>\n		<api_id>123456789123456789</api_id>\n		<secret_key>dsdf324854s2d1f8s5g43sd21f</secret_key>\n	</authentication>\n	<request>NewClient</request>\n	<params>\n		<first_name>David</first_name>\n		<last_name>Ryan</last_name>\n		<company>ABC Inc.</company>\n		<address_1>123 Main Street</address_1>\n		<city>Denver</city>\n		<state>CO</state>\n		<postal_code>80220</postal_code>\n		<country>US</country>\n		<phone>303319812</phone>\n		<email>daveryan187@yahoo.com</email>\n	</params>\n</request>');
INSERT INTO `request_log` VALUES ('140', '2009-11-06 00:57:59', '127.0.0.1', '<?xml version=\"1.0\" encoding=\"UTF-8\"?>\n<request>\n	<authentication>\n		<api_id>123456789123456789</api_id>\n		<secret_key>dsdf324854s2d1f8s5g43sd21f</secret_key>\n	</authentication>\n	<request>NewClient</request>\n	<params>\n		<first_name>David</first_name>\n		<last_name>Ryan</last_name>\n		<company>ABC Inc.</company>\n		<address_1>123 Main Street</address_1>\n		<city>Denver</city>\n		<state>CO</state>\n		<postal_code>80220</postal_code>\n		<country>US</country>\n		<phone>303319812</phone>\n		<email>daveryan187@yahoo.com</email>\n	</params>\n</request>');
INSERT INTO `request_log` VALUES ('141', '2009-11-06 00:58:00', '127.0.0.1', '<?xml version=\"1.0\" encoding=\"UTF-8\"?>\n<request>\n	<authentication>\n		<api_id>123456789123456789</api_id>\n		<secret_key>dsdf324854s2d1f8s5g43sd21f</secret_key>\n	</authentication>\n	<request>NewClient</request>\n	<params>\n		<first_name>David</first_name>\n		<last_name>Ryan</last_name>\n		<company>ABC Inc.</company>\n		<address_1>123 Main Street</address_1>\n		<city>Denver</city>\n		<state>CO</state>\n		<postal_code>80220</postal_code>\n		<country>US</country>\n		<phone>303319812</phone>\n		<email>daveryan187@yahoo.com</email>\n	</params>\n</request>');
INSERT INTO `request_log` VALUES ('142', '2009-11-06 00:58:01', '127.0.0.1', '<?xml version=\"1.0\" encoding=\"UTF-8\"?>\n<request>\n	<authentication>\n		<api_id>123456789123456789</api_id>\n		<secret_key>dsdf324854s2d1f8s5g43sd21f</secret_key>\n	</authentication>\n	<request>NewClient</request>\n	<params>\n		<first_name>David</first_name>\n		<last_name>Ryan</last_name>\n		<company>ABC Inc.</company>\n		<address_1>123 Main Street</address_1>\n		<city>Denver</city>\n		<state>CO</state>\n		<postal_code>80220</postal_code>\n		<country>US</country>\n		<phone>303319812</phone>\n		<email>daveryan187@yahoo.com</email>\n	</params>\n</request>');
INSERT INTO `request_log` VALUES ('143', '2009-11-06 00:58:01', '127.0.0.1', '<?xml version=\"1.0\" encoding=\"UTF-8\"?>\n<request>\n	<authentication>\n		<api_id>123456789123456789</api_id>\n		<secret_key>dsdf324854s2d1f8s5g43sd21f</secret_key>\n	</authentication>\n	<request>NewClient</request>\n	<params>\n		<first_name>David</first_name>\n		<last_name>Ryan</last_name>\n		<company>ABC Inc.</company>\n		<address_1>123 Main Street</address_1>\n		<city>Denver</city>\n		<state>CO</state>\n		<postal_code>80220</postal_code>\n		<country>US</country>\n		<phone>303319812</phone>\n		<email>daveryan187@yahoo.com</email>\n	</params>\n</request>');
INSERT INTO `request_log` VALUES ('144', '2009-11-06 00:58:01', '127.0.0.1', '<?xml version=\"1.0\" encoding=\"UTF-8\"?>\n<request>\n	<authentication>\n		<api_id>123456789123456789</api_id>\n		<secret_key>dsdf324854s2d1f8s5g43sd21f</secret_key>\n	</authentication>\n	<request>NewClient</request>\n	<params>\n		<first_name>David</first_name>\n		<last_name>Ryan</last_name>\n		<company>ABC Inc.</company>\n		<address_1>123 Main Street</address_1>\n		<city>Denver</city>\n		<state>CO</state>\n		<postal_code>80220</postal_code>\n		<country>US</country>\n		<phone>303319812</phone>\n		<email>daveryan187@yahoo.com</email>\n	</params>\n</request>');
INSERT INTO `request_log` VALUES ('145', '2009-11-06 00:58:02', '127.0.0.1', '<?xml version=\"1.0\" encoding=\"UTF-8\"?>\n<request>\n	<authentication>\n		<api_id>123456789123456789</api_id>\n		<secret_key>dsdf324854s2d1f8s5g43sd21f</secret_key>\n	</authentication>\n	<request>NewClient</request>\n	<params>\n		<first_name>David</first_name>\n		<last_name>Ryan</last_name>\n		<company>ABC Inc.</company>\n		<address_1>123 Main Street</address_1>\n		<city>Denver</city>\n		<state>CO</state>\n		<postal_code>80220</postal_code>\n		<country>US</country>\n		<phone>303319812</phone>\n		<email>daveryan187@yahoo.com</email>\n	</params>\n</request>');
INSERT INTO `request_log` VALUES ('146', '2009-11-06 00:58:02', '127.0.0.1', '<?xml version=\"1.0\" encoding=\"UTF-8\"?>\n<request>\n	<authentication>\n		<api_id>123456789123456789</api_id>\n		<secret_key>dsdf324854s2d1f8s5g43sd21f</secret_key>\n	</authentication>\n	<request>NewClient</request>\n	<params>\n		<first_name>David</first_name>\n		<last_name>Ryan</last_name>\n		<company>ABC Inc.</company>\n		<address_1>123 Main Street</address_1>\n		<city>Denver</city>\n		<state>CO</state>\n		<postal_code>80220</postal_code>\n		<country>US</country>\n		<phone>303319812</phone>\n		<email>daveryan187@yahoo.com</email>\n	</params>\n</request>');
INSERT INTO `request_log` VALUES ('147', '2009-11-06 00:58:33', '127.0.0.1', '<?xml version=\"1.0\" encoding=\"UTF-8\"?>\n<request>\n	<authentication>\n		<api_id>123456789123456789</api_id>\n		<secret_key>dsdf324854s2d1f8s5g43sd21f</secret_key>\n	</authentication>\n	<request>NewClient</request>\n	<params>\n		<first_name>David</first_name>\n		<last_name>Ryan</last_name>\n		<company>ABC Inc.</company>\n		<address_1>123 Main Street</address_1>\n		<city>Denver</city>\n		<state>CO</state>\n		<postal_code>80220</postal_code>\n		<country>US</country>\n		<phone>303319812</phone>\n		<email>daveryan187@yahoo.com</email>\n	</params>\n</request>');
INSERT INTO `request_log` VALUES ('148', '2009-11-06 00:59:14', '127.0.0.1', '<?xml version=\"1.0\" encoding=\"UTF-8\"?>\n<request>\n	<authentication>\n		<api_id>123456789123456789</api_id>\n		<secret_key>dsdf324854s2d1f8s5g43sd21f</secret_key>\n	</authentication>\n	<request>NewClient</request>\n	<params>\n		<first_name>David</first_name>\n		<last_name>Ryan</last_name>\n		<company>ABC Inc.</company>\n		<address_1>123 Main Street</address_1>\n		<city>Denver</city>\n		<state>CO</state>\n		<postal_code>80220</postal_code>\n		<country>US</country>\n		<phone>303319812</phone>\n		<email>daveryan187@yahoo.com</email>\n	</params>\n</request>');
INSERT INTO `request_log` VALUES ('149', '2009-11-06 00:59:32', '127.0.0.1', '<?xml version=\"1.0\" encoding=\"UTF-8\"?>\n<request>\n	<authentication>\n		<api_id>123456789123456789</api_id>\n		<secret_key>dsdf324854s2d1f8s5g43sd21f</secret_key>\n	</authentication>\n	<request>NewClient</request>\n	<params>\n		<first_name>David</first_name>\n		<last_name>Ryan</last_name>\n		<company>ABC Inc.</company>\n		<address_1>123 Main Street</address_1>\n		<city>Denver</city>\n		<state>CO</state>\n		<postal_code>80220</postal_code>\n		<country>US</country>\n		<phone>303319812</phone>\n		<email>daveryan187@yahoo.com</email>\n	</params>\n</request>');
INSERT INTO `request_log` VALUES ('150', '2009-11-06 01:01:34', '127.0.0.1', '<?xml version=\"1.0\" encoding=\"UTF-8\"?>\n<request>\n	<authentication>\n		<api_id>123456789123456789</api_id>\n		<secret_key>dsdf324854s2d1f8s5g43sd21f</secret_key>\n	</authentication>\n	<request>NewClient</request>\n	<params>\n		<first_name>David</first_name>\n		<last_name>Ryan</last_name>\n		<company>ABC Inc.</company>\n		<address_1>123 Main Street</address_1>\n		<city>Denver</city>\n		<state>CO</state>\n		<postal_code>80220</postal_code>\n		<country>US</country>\n		<phone>303319812</phone>\n		<email>daveryan187@yahoo.com</email>\n	</params>\n</request>');
INSERT INTO `request_log` VALUES ('151', '2009-11-06 01:02:15', '127.0.0.1', '<?xml version=\"1.0\" encoding=\"UTF-8\"?>\n<request>\n	<authentication>\n		<api_id>123456789123456789</api_id>\n		<secret_key>dsdf324854s2d1f8s5g43sd21f</secret_key>\n	</authentication>\n	<request>NewClient</request>\n	<params>\n		<first_name>David</first_name>\n		<last_name>Ryan</last_name>\n		<company>ABC Inc.</company>\n		<address_1>123 Main Street</address_1>\n		<city>Denver</city>\n		<state>CO</state>\n		<postal_code>80220</postal_code>\n		<country>US</country>\n		<phone>303319812</phone>\n		<email>daveryan187@yahoo.com</email>\n	</params>\n</request>');
INSERT INTO `request_log` VALUES ('152', '2009-11-06 01:03:43', '127.0.0.1', '<?xml version=\"1.0\" encoding=\"UTF-8\"?>\n<request>\n	<authentication>\n		<api_id>123456789123456789</api_id>\n		<secret_key>dsdf324854s2d1f8s5g43sd21f</secret_key>\n	</authentication>\n	<request>NewClient</request>\n	<params>\n		<first_name>David</first_name>\n		<last_name>Ryan</last_name>\n		<company>ABC Inc.</company>\n		<address_1>123 Main Street</address_1>\n		<city>Denver</city>\n		<state>CO</state>\n		<postal_code>80220</postal_code>\n		<country>US</country>\n		<phone>303319812</phone>\n		<email>daveryan187@yahoo.com</email>\n	</params>\n</request>');
INSERT INTO `request_log` VALUES ('153', '2009-11-06 01:05:35', '127.0.0.1', '<?xml version=\"1.0\" encoding=\"UTF-8\"?>\n<request>\n	<authentication>\n		<api_id>123456789123456789</api_id>\n		<secret_key>dsdf324854s2d1f8s5g43sd21f</secret_key>\n	</authentication>\n	<request>NewClient</request>\n	<params>\n		<first_name>David</first_name>\n		<last_name>Ryan</last_name>\n		<company>ABC Inc.</company>\n		<address_1>123 Main Street</address_1>\n		<city>Denver</city>\n		<state>CO</state>\n		<postal_code>80220</postal_code>\n		<country>US</country>\n		<phone>303319812</phone>\n		<email>daveryan187@yahoo.com</email>\n	</params>\n</request>');
INSERT INTO `request_log` VALUES ('154', '2009-11-06 01:07:07', '127.0.0.1', '<?xml version=\"1.0\" encoding=\"UTF-8\"?>\n<request>\n	<authentication>\n		<api_id>123456789123456789</api_id>\n		<secret_key>dsdf324854s2d1f8s5g43sd21f</secret_key>\n	</authentication>\n	<request>NewClient</request>\n	<params>\n		<first_name>David</first_name>\n		<last_name>Ryan</last_name>\n		<company>ABC Inc.</company>\n		<address_1>123 Main Street</address_1>\n		<city>Denver</city>\n		<state>CO</state>\n		<postal_code>80220</postal_code>\n		<country>US</country>\n		<phone>303319812</phone>\n		<email>daveryan187@yahoo.com</email>\n	</params>\n</request>');
INSERT INTO `request_log` VALUES ('155', '2009-11-06 01:07:10', '127.0.0.1', '<?xml version=\"1.0\" encoding=\"UTF-8\"?>\n<request>\n	<authentication>\n		<api_id>123456789123456789</api_id>\n		<secret_key>dsdf324854s2d1f8s5g43sd21f</secret_key>\n	</authentication>\n	<request>NewClient</request>\n	<params>\n		<first_name>David</first_name>\n		<last_name>Ryan</last_name>\n		<company>ABC Inc.</company>\n		<address_1>123 Main Street</address_1>\n		<city>Denver</city>\n		<state>CO</state>\n		<postal_code>80220</postal_code>\n		<country>US</country>\n		<phone>303319812</phone>\n		<email>daveryan187@yahoo.com</email>\n	</params>\n</request>');
INSERT INTO `request_log` VALUES ('156', '2009-11-06 01:07:10', '127.0.0.1', '<?xml version=\"1.0\" encoding=\"UTF-8\"?>\n<request>\n	<authentication>\n		<api_id>123456789123456789</api_id>\n		<secret_key>dsdf324854s2d1f8s5g43sd21f</secret_key>\n	</authentication>\n	<request>NewClient</request>\n	<params>\n		<first_name>David</first_name>\n		<last_name>Ryan</last_name>\n		<company>ABC Inc.</company>\n		<address_1>123 Main Street</address_1>\n		<city>Denver</city>\n		<state>CO</state>\n		<postal_code>80220</postal_code>\n		<country>US</country>\n		<phone>303319812</phone>\n		<email>daveryan187@yahoo.com</email>\n	</params>\n</request>');
INSERT INTO `request_log` VALUES ('157', '2009-11-06 01:07:11', '127.0.0.1', '<?xml version=\"1.0\" encoding=\"UTF-8\"?>\n<request>\n	<authentication>\n		<api_id>123456789123456789</api_id>\n		<secret_key>dsdf324854s2d1f8s5g43sd21f</secret_key>\n	</authentication>\n	<request>NewClient</request>\n	<params>\n		<first_name>David</first_name>\n		<last_name>Ryan</last_name>\n		<company>ABC Inc.</company>\n		<address_1>123 Main Street</address_1>\n		<city>Denver</city>\n		<state>CO</state>\n		<postal_code>80220</postal_code>\n		<country>US</country>\n		<phone>303319812</phone>\n		<email>daveryan187@yahoo.com</email>\n	</params>\n</request>');
INSERT INTO `request_log` VALUES ('158', '2009-11-06 01:07:12', '127.0.0.1', '<?xml version=\"1.0\" encoding=\"UTF-8\"?>\n<request>\n	<authentication>\n		<api_id>123456789123456789</api_id>\n		<secret_key>dsdf324854s2d1f8s5g43sd21f</secret_key>\n	</authentication>\n	<request>NewClient</request>\n	<params>\n		<first_name>David</first_name>\n		<last_name>Ryan</last_name>\n		<company>ABC Inc.</company>\n		<address_1>123 Main Street</address_1>\n		<city>Denver</city>\n		<state>CO</state>\n		<postal_code>80220</postal_code>\n		<country>US</country>\n		<phone>303319812</phone>\n		<email>daveryan187@yahoo.com</email>\n	</params>\n</request>');
INSERT INTO `request_log` VALUES ('159', '2009-11-06 01:07:12', '127.0.0.1', '<?xml version=\"1.0\" encoding=\"UTF-8\"?>\n<request>\n	<authentication>\n		<api_id>123456789123456789</api_id>\n		<secret_key>dsdf324854s2d1f8s5g43sd21f</secret_key>\n	</authentication>\n	<request>NewClient</request>\n	<params>\n		<first_name>David</first_name>\n		<last_name>Ryan</last_name>\n		<company>ABC Inc.</company>\n		<address_1>123 Main Street</address_1>\n		<city>Denver</city>\n		<state>CO</state>\n		<postal_code>80220</postal_code>\n		<country>US</country>\n		<phone>303319812</phone>\n		<email>daveryan187@yahoo.com</email>\n	</params>\n</request>');
INSERT INTO `request_log` VALUES ('160', '2009-11-06 01:10:34', '127.0.0.1', '<?xml version=\"1.0\" encoding=\"UTF-8\"?>\n<request>\n	<authentication>\n		<api_id>123456789123456789</api_id>\n		<secret_key>dsdf324854s2d1f8s5g43sd21f</secret_key>\n	</authentication>\n	<request>NewClient</request>\n	<params>\n		<first_name>David</first_name>\n		<last_name>Ryan</last_name>\n		<company>ABC Inc.</company>\n		<address_1>123 Main Street</address_1>\n		<city>Denver</city>\n		<state>CO</state>\n		<postal_code>80220</postal_code>\n		<country>US</country>\n		<phone>303319812</phone>\n		<email>daveryan187@yahoo.com</email>\n	</params>\n</request>');
INSERT INTO `request_log` VALUES ('161', '2009-11-06 01:18:55', '127.0.0.1', '<?xml version=\"1.0\" encoding=\"UTF-8\"?>\n<request>\n	<authentication>\n		<api_id>123456789123456789</api_id>\n		<secret_key>dsdf324854s2d1f8s5g43sd21f</secret_key>\n	</authentication>\n	<request>NewClient</request>\n	<params>\n		<first_name>David</first_name>\n		<last_name>Ryan</last_name>\n		<company>ABC Inc.</company>\n		<address_1>123 Main Street</address_1>\n		<city>Denver</city>\n		<state>CO</state>\n		<postal_code>80220</postal_code>\n		<country>US</country>\n		<phone>303319812</phone>\n		<email>daveryan187@yahoo.com</email>\n	</params>\n</request>');
INSERT INTO `request_log` VALUES ('162', '2009-11-06 01:19:06', '127.0.0.1', '<?xml version=\"1.0\" encoding=\"UTF-8\"?>\n<request>\n	<authentication>\n		<api_id>123456789123456789</api_id>\n		<secret_key>dsdf324854s2d1f8s5g43sd21f</secret_key>\n	</authentication>\n	<request>NewClient</request>\n	<params>\n		<first_name>David</first_name>\n		<last_name>Ryan</last_name>\n		<company>ABC Inc.</company>\n		<address_1>123 Main Street</address_1>\n		<city>Denver</city>\n		<state>CO</state>\n		<postal_code>80220</postal_code>\n		<country>US</country>\n		<phone>303319812</phone>\n		<email>daveryan187@yahoo.com</email>\n	</params>\n</request>');
INSERT INTO `request_log` VALUES ('163', '2009-11-06 01:19:40', '127.0.0.1', '<?xml version=\"1.0\" encoding=\"UTF-8\"?>\n<request>\n	<authentication>\n		<api_id>123456789123456789</api_id>\n		<secret_key>dsdf324854s2d1f8s5g43sd21f</secret_key>\n	</authentication>\n	<request>NewClient</request>\n	<params>\n		<first_name>David</first_name>\n		<last_name>Ryan</last_name>\n		<company>ABC Inc.</company>\n		<address_1>123 Main Street</address_1>\n		<city>Denver</city>\n		<state>CO</state>\n		<postal_code>80220</postal_code>\n		<country>US</country>\n		<phone>303319812</phone>\n		<email>daveryan187@yahoo.com</email>\n	</params>\n</request>');
INSERT INTO `request_log` VALUES ('164', '2009-11-06 01:20:18', '127.0.0.1', '<?xml version=\"1.0\" encoding=\"UTF-8\"?>\n<request>\n	<authentication>\n		<api_id>123456789123456789</api_id>\n		<secret_key>dsdf324854s2d1f8s5g43sd21f</secret_key>\n	</authentication>\n	<request>NewClient</request>\n	<params>\n		<first_name>David</first_name>\n		<last_name>Ryan</last_name>\n		<company>ABC Inc.</company>\n		<address_1>123 Main Street</address_1>\n		<city>Denver</city>\n		<state>CO</state>\n		<postal_code>80220</postal_code>\n		<country>US</country>\n		<phone>303319812</phone>\n		<email>daveryan187@yahoo.com</email>\n	</params>\n</request>');
INSERT INTO `request_log` VALUES ('165', '2009-11-06 01:22:07', '127.0.0.1', '<?xml version=\"1.0\" encoding=\"UTF-8\"?>\n<request>\n	<authentication>\n		<api_id>123456789123456789</api_id>\n		<secret_key>dsdf324854s2d1f8s5g43sd21f</secret_key>\n	</authentication>\n	<request>NewClient</request>\n	<params>\n		<first_name>David</first_name>\n		<last_name>Ryan</last_name>\n		<company>ABC Inc.</company>\n		<address_1>123 Main Street</address_1>\n		<city>Denver</city>\n		<state>CO</state>\n		<postal_code>80220</postal_code>\n		<country>US</country>\n		<phone>303319812</phone>\n		<email>daveryan187@yahoo.com</email>\n	</params>\n</request>');
INSERT INTO `request_log` VALUES ('166', '2009-11-06 01:22:48', '127.0.0.1', '<?xml version=\"1.0\" encoding=\"UTF-8\"?>\n<request>\n	<authentication>\n		<api_id>123456789123456789</api_id>\n		<secret_key>dsdf324854s2d1f8s5g43sd21f</secret_key>\n	</authentication>\n	<request>NewClient</request>\n	<params>\n		<first_name>David</first_name>\n		<last_name>Ryan</last_name>\n		<company>ABC Inc.</company>\n		<address_1>123 Main Street</address_1>\n		<city>Denver</city>\n		<state>CO</state>\n		<postal_code>80220</postal_code>\n		<country>US</country>\n		<phone>303319812</phone>\n		<email>daveryan187@yahoo.com</email>\n	</params>\n</request>');

-- ----------------------------
-- Table structure for `request_types`
-- ----------------------------
DROP TABLE IF EXISTS `request_types`;
CREATE TABLE `request_types` (
  `request_type_id` int(11) NOT NULL,
  `name` varchar(20) NOT NULL,
  `model` varchar(20) NOT NULL,
  PRIMARY KEY (`request_type_id`)
) ENGINE=MyISAM DEFAULT CHARSET=latin1;

-- ----------------------------
-- Records of request_types
-- ----------------------------
INSERT INTO `request_types` VALUES ('1', 'NewClient', 'client_model');

-- ----------------------------
-- Table structure for `required_fields`
-- ----------------------------
DROP TABLE IF EXISTS `required_fields`;
CREATE TABLE `required_fields` (
  `required_field_id` int(11) NOT NULL AUTO_INCREMENT,
  `request_type_id` int(11) NOT NULL,
  `field_name` varchar(20) NOT NULL,
  PRIMARY KEY (`required_field_id`)
) ENGINE=MyISAM AUTO_INCREMENT=11 DEFAULT CHARSET=latin1;

-- ----------------------------
-- Records of required_fields
-- ----------------------------
INSERT INTO `required_fields` VALUES ('1', '1', 'first_name');
INSERT INTO `required_fields` VALUES ('2', '1', 'last_name');
INSERT INTO `required_fields` VALUES ('3', '1', 'company');
INSERT INTO `required_fields` VALUES ('4', '1', 'address_1');
INSERT INTO `required_fields` VALUES ('5', '1', 'city');
INSERT INTO `required_fields` VALUES ('6', '1', 'state');
INSERT INTO `required_fields` VALUES ('7', '1', 'postal_code');
INSERT INTO `required_fields` VALUES ('8', '1', 'country');
INSERT INTO `required_fields` VALUES ('9', '1', 'phone');
INSERT INTO `required_fields` VALUES ('10', '1', 'email');
